,bid,footprint_area,PV_cap_MW,number_of_cars,car_demand_daily_per_car_MW,car_demand_daily_total_MW,charging_station_power_MW,charging_station_power_total_MW,,use,free_walls,lat,lon,dist_to_heat_source,year_class,size_class,floors,storey_area,area_corr_factor,heated_area,window_area,dwellings,dwelling_size,occupants,ref_level_roof,ref_level_wall,ref_level_floor,ref_level_window,U,V,C,Tau,Tset,act_start,act_end,hw_demand_day,hw_tank_cap
1,13.065.000.000.000.000,130.65,2,0.00515,0.0103,0.011,0.022,,3,4,48.201.000.000.000.000,11.506,0,0,0,3,39.195.999.999.999.900,0.84,329.25,36.969.999.999.999.900,1,329.25,3,1,2,2,2,61.028.999.999.999.900,55.969.999.999.999.900,57.055.060.880.000.000,85.634.679.999.999.900,22,0,23,0.14,0.22,
2,156.78,156.78,3,0.00515,0.01545,0.011,0.033,,3,4,48.201.000.000.000.000,11.506,0,0,0,3,47.035.000.000.000.000,0.84,39.510.000.000.000.000,44.359.999.999.999.900,1,39.510.000.000.000.000,5,1,1,2,1,12.176.400.000.000.000,67.170.000.000.000.000,68.466.073.049.999.900,53.288.849.999.999.900,22,0,23,0.2,0.3,
3,18.813.999.999.999.900,188.14,1,0.00515,0.00515,0.011,0.011,,3,4,48.201.000.000.000.000,11.506,0,0,0,3,56.441.999.999.999.900,0.84,47.411.000.000.000.000,53.229.999.999.999.900,1,47.411.000.000.000.000,2,1,1,2,2,1397.29,80.599.999.999.999.900,82.159.287.659.999.900,55.592.220.000.000.000,19,0,23,0.12,0.18,
4,15.050.999.999.999.900,150.51,1,0.00515,0.00515,0.011,0.011,,3,4,48.201.000.000.000.000,11.506,0,0,0,3,45.154.000.000.000.000,0.84,37.929.000.000.000.000,42.590.000.000.000.000,1,37.929.000.000.000.000,2,1,1,1,1,1321.29,64.480.000.000.000.000,65.727.430.149.999.900,47.430.370.000.000.000,20,0,23,0.26,0.39,
5,120.41,120.41,1,0.00515,0.00515,0.011,0.011,,3,4,48.201.000.000.000.000,11.506,0,0,0,3,36.123.000.000.000.000,0.84,30.343.000.000.000.000,34.07,1,30.343.000.000.000.000,1,2,1,2,1,58.748.000.000.000.000,51.579.999.999.999.900,52.581.944.090.000.000,82.280.089.999.999.900,22,0,23,0.13,0.19,
6,14.449.000.000.000.000,144.49,1,0.00515,0.00515,0.011,0.011,,3,4,48.201.000.000.000.000,11.506,0,0,0,3,43.348.000.000.000.000,0.84,364.12,40.880.000.000.000.000,1,364.12,1,2,2,1,2,40.398.000.000.000.000,61.899.999.999.999.900,63.098.332.950.000.000,13.543.976.999.999.900,21,0,23,0.07,0.11,
7,10.965.000.000.000.000,109.65,1,0.00515,0.00515,0.011,0.011,,3,4,48.201.000.000.000.000,11.506,0,1,0,2,219.31,0.84,184.22,26.23,2,92.109.999.999.999.900,2,1,1,2,1,60.185.000.000.000.000,46.979.999.999.999.900,43.848.604.039.999.900,67.581.559.999.999.900,21,0,23,0.19,0.28,
8,101.81,101.81,1,0.00515,0.00515,0.011,0.011,,3,4,48.213.000.000.000.000,11.547.000.000.000.000,0,1,0,2,20.361.000.000.000.000,0.84,171.03,24.359.999.999.999.900,1,171.03,1,2,1,1,2,47.400.999.999.999.900,43.609.999.999.999.900,40.710.914.079.999.900,78.649.970.000.000.000,19,0,23,0.14,0.21,
9,107.17,107.17,1,0.00515,0.00515,0.011,0.011,,3,4,48.222.000.000.000.000,11.505.000.000.000.000,0,1,0,2,21.433.000.000.000.000,0.84,18.003.999.999.999.900,25.640.000.000.000.000,1,18.003.999.999.999.900,1,1,2,1,1,29.136.000.000.000.000,45.909.999.999.999.900,42854690.68,12.706.464.999.999.900,22,0,23,0.04,0.05,
10,93.599.999.999.999.900,93.6,1,0.00515,0.00515,0.011,0.011,,3,4,48.197.000.000.000.000,11.548.999.999.999.900,0,1,0,2,18.721.000.000.000.000,0.84,157.25,22.390.000.000.000.000,2,78.629.999.999.999.900,2,2,1,2,1,43.949.000.000.000.000,40.100.000.000.000.000,37.430.577.109.999.900,78047,21,0,23,0.07,0.11,
11,121.39,121.39,3,0.00515,0.01545,0.011,0.033,,3,4,48.198.999.999.999.900,11.526,0,1,0,2,24.277.000.000.000.000,0.84,20.393.000.000.000.000,29.039.999.999.999.900,2,101.97,6,2,2,2,2,168.78,52,48.541.027.990.000.000,219863.16,20,0,23,0.17,0.25,
12,20.858.000.000.000.000,208.58,3,0.00515,0.01545,0.011,0.033,,3,4,48.215.000.000.000.000,11.534.000.000.000.000,0,1,0,2,41.714.999.999.999.900,0.84,35.041.000.000.000.000,49.899.999.999.999.900,2,17.519.999.999.999.900,5,2,2,2,1,349.88,89.349.999.999.999.900,83.406.558.659.999.900,18.989.060.000.000.000,22,0,23,0.13,0.19,
13,172.38,172.38,1,0.00515,0.00515,0.011,0.011,,3,4,48.207.999.999.999.900,Nov 56,0,1,0,2,34.475.999.999.999.900,0.84,28.960.000.000.000.000,41.240.000.000.000.000,2,14.480.000.000.000.000,2,1,1,1,1,98.885.000.000.000.000,73.849.999.999.999.900,68.931.939.650.000.000,64.865.089.999.999.900,18,0,23,0.33,0.5,
14,93.849.999.999.999.900,93.85,5,0.00515,0.02575,0.011,0.055,,3,4,48.220.999.999.999.900,11.519,0,1,0,2,187.69,0.84,157.66,22.449.999.999.999.900,2,78.829.999.999.999.900,10,2,2,1,2,15.374.000.000.000.000,40.200.000.000.000.000,37.527.794.869.999.900,19.349.992.000.000.000,18,0,23,0.07,0.1,
15,16.188.999.999.999.900,161.89,1,0.00515,0.00515,0.011,0.011,,3,4,48.213.999.999.999.900,11.531.000.000.000.000,0,1,1,2,32.377.999.999.999.900,0.84,27.198.000.000.000.000,41.020.000.000.000.000,1,27.198.000.000.000.000,1,2,1,2,1,48.620.999.999.999.900,69.349.999.999.999.900,50.102.878.939.999.900,90.184.529.999.999.900,20,0,23,0.25,0.37,
16,16.188.999.999.999.900,161.89,1,0.00515,0.00515,0.011,0.011,,3,4,48.213.999.999.999.900,11.531.000.000.000.000,0,1,1,2,32.377.999.999.999.900,0.84,27.198.000.000.000.000,41.020.000.000.000.000,1,27.198.000.000.000.000,1,1,1,2,1,56.236.000.000.000.000,69.349.999.999.999.900,50.102.878.939.999.900,79.312.690.000.000.000,19,0,23,0.2,0.3,
17,16.188.999.999.999.900,161.89,1,0.00515,0.00515,0.011,0.011,,3,4,48.213.999.999.999.900,11.531.000.000.000.000,0,1,1,2,32.377.999.999.999.900,0.84,27.198.000.000.000.000,41.020.000.000.000.000,1,27.198.000.000.000.000,2,1,1,1,1,56.236.000.000.000.000,69.349.999.999.999.900,50.102.878.939.999.900,79.312.690.000.000.000,22,0,23,0.15,0.22,
18,14.240.000.000.000.000,142.4,1,0.00515,0.00515,0.011,0.011,,3,4,48.201.999.999.999.900,11.538,0,1,1,2,28.480.000.000.000.000,0.84,23.922.999.999.999.900,36.079.999.999.999.900,2,119.62,2,1,1,1,1,49.464.999.999.999.900,61,44.070.505.229.999.900,79.312.690.000.000.000,22,0,23,0.16,0.24,
19,63.009.999.999.999.900,63.01,1,0.00515,0.00515,0.011,0.011,,3,4,48.204.000.000.000.000,11.538,0,1,1,2,126.03,0.84,105.86,15.970.000.000.000.000,1,105.86,1,2,1,1,2,17.168.000.000.000.000,27,19501742.91,98.157.419.999.999.900,19,0,23,0.06,0.09,
20,16.188.999.999.999.900,161.89,1,0.00515,0.00515,0.011,0.011,,3,4,48.213.999.999.999.900,11.531.000.000.000.000,0,1,1,2,32.377.999.999.999.900,0.84,27.198.000.000.000.000,41.020.000.000.000.000,1,27.198.000.000.000.000,2,1,1,1,1,56.236.000.000.000.000,69.349.999.999.999.900,50.102.878.939.999.900,79.312.690.000.000.000,20,0,23,0.16,0.25,
21,16.188.999.999.999.900,161.89,2,0.00515,0.0103,0.011,0.022,,3,4,48.213.999.999.999.900,11.531.000.000.000.000,0,1,1,2,32.377.999.999.999.900,0.84,27.198.000.000.000.000,41.020.000.000.000.000,1,27.198.000.000.000.000,3,1,1,1,1,56.236.000.000.000.000,69.349.999.999.999.900,50.102.878.939.999.900,79.312.690.000.000.000,21,0,23,0.16,0.23,
22,16.188.999.999.999.900,161.89,1,0.00515,0.00515,0.011,0.011,,3,4,48.213.999.999.999.900,11.531.000.000.000.000,0,1,1,2,32.377.999.999.999.900,0.84,27.198.000.000.000.000,41.020.000.000.000.000,2,13.599.000.000.000.000,2,1,1,1,1,56.236.000.000.000.000,69.349.999.999.999.900,50.102.878.939.999.900,79.312.690.000.000.000,20,0,23,0.09,0.13,
23,29.498.000.000.000.000,294.98,10,0.00515,0.0515,0.011,0.11,,3,4,48.210.999.999.999.900,11.558.999.999.999.900,0,1,2,3,88.492.999.999.999.900,0.84,74.334.000.000.000.000,13.040.000.000.000.000,8,92.920.000.000.000.000,20,1,1,1,1,15.574.100.000.000.000,126.37,90.074.308.150.000.000,53.495.279.999.999.900,22,0,23,0.27,0.4,
24,88.469.999.999.999.900,88.47,1,0.00515,0.00515,0.011,0.011,,3,4,48.219.000.000.000.000,11.531.000.000.000.000,0,1,2,3,26.542.000.000.000.000,0.84,22.296.000.000.000.000,39.109.999.999.999.900,2,111.48,1,2,2,2,1,18.484.999.999.999.900,37.899.999.999.999.900,27.016.669.059.999.900,12.128.771.000.000.000,20,0,23,0.16,0.23,
25,10.784.999.999.999.900,107.85,4,0.00515,0.0206,0.011,0.044,,3,4,48.216.999.999.999.900,11.529,0,1,2,3,32.354.000.000.000.000,0.84,27.177.999.999.999.900,47.68,3,90.590.000.000.000.000,8,1,1,1,1,56.940.999.999.999.900,46.200.000.000.000.000,32.932.455.539.999.900,53.495.279.999.999.900,22,0,23,0.2,0.3,
26,16.628.999.999.999.900,166.29,3,0.00515,0.01545,0.011,0.033,,3,4,48.218.000.000.000.000,11.528,0,1,2,3,498.88,0.84,419.06,73.510.000.000.000.000,4,104.77,5,1,2,1,1,51.296.000.000.000.000,71.239.999.999.999.900,50.779.775.899.999.900,86.921.589.999.999.900,20,0,23,0.22,0.33,
27,16.909.999.999.999.900,169.1,7,0.00515,0.03605,0.011,0.077,,3,4,48.213.999.999.999.900,11.551,0,1,2,3,50.729.000.000.000.000,0.84,426.12,74.75,4,106.53,13,1,1,1,1,89.278.999.999.999.900,72.439.999.999.999.900,51.635.170.490.000.000,53.495.279.999.999.900,20,0,23,0.26,0.39,
28,169.09,169.09,6,0.00515,0.0309,0.011,0.066,,3,4,48.213.999.999.999.900,11.551,0,1,2,3,50.725.999.999.999.900,0.84,42.610.000.000.000.000,74.75,4,106.52,12,1,2,2,1,47.967.000.000.000.000,72.439.999.999.999.900,51.632.257.909.999.900,93.518.080.000.000.000,22,0,23,0.03,0.05,
29,27.952.999.999.999.900,279.53,4,0.00515,0.0206,0.011,0.044,,3,4,48.213.000.000.000.000,11.529,0,1,2,3,83.860.000.000.000.000,0.84,70.441.999.999.999.900,12.356.999.999.999.900,7,100.63,8,1,1,2,1,14.065.999.999.999.900,119.75,85.358.161.790.000.000,55.922.989.999.999.900,22,0,23,0.42,0.63,
30,38.797.000.000.000.000,387.97,2,0.00515,0.0103,0.011,0.022,,3,4,48.216.000.000.000.000,11.551,0,1,2,3,11.639.200.000.000.000,0.84,97.769.000.000.000.000,17.150.999.999.999.900,9,108.63,4,1,1,2,1,1952.27,16.621.000.000.000.000,118471462.3,55.922.989.999.999.900,20,0,23,0.18,0.27,
31,68.045.000.000.000.000,680.45,27,0.00515,0.13905,0.011,0.297,,3,4,48.218.000.000.000.000,11.557,0,1,3,5,3402.25,0.84,28.578.899.999.999.900,475.56,19,15.041.999.999.999.900,54,1,1,1,2,38.773.400.000.000.000,29.150.999.999.999.900,27.912.537.139.999.900,66.955.149.999.999.900,19,0,23,13.600.000.000.000.000,20.499.999.999.999.900,
32,75.142.999.999.999.900,751.43,32,0.00515,0.1648,0.011,0.352,,3,4,48.212.000.000.000.000,11.558,0,1,3,5,37.571.700.000.000.000,0.84,3156.02,52.516.999.999.999.900,21,15.028.999.999.999.900,63,2,1,1,2,34.863.400.000.000.000,32.191.000.000.000.000,30.824.286.269.999.900,80.940.820.000.000.000,18,0,23,0.82,Jan 23,
33,900,900,1,0.00515,0.00515,0.011,0.011,,3,4,48.198.999.999.999.900,11.497.999.999.999.900,0,1,3,5,4500,0.84,3780,629,3,1260,1,2,1,1,2,41.756.199.999.999.900,385.56,36.918.587.780.000.000,80.940.820.000.000.000,19,0,23,11.000.000.000.000.000,16.499.999.999.999.900,
34,83.150.999.999.999.900,831.51,24,0.00515,0.1236,0.011,0.264,,3,4,48.219.999.999.999.900,11.551,0,1,3,5,41.575.500.000.000.000,0.84,34.923.400.000.000.000,581.13,23,151.84,47,2,1,2,1,43.491.700.000.000.000,35.622.000.000.000.000,34.109.070.289.999.900,72.489.419.999.999.900,21,0,23,Feb 75,41.200.000.000.000.000,
35,74.876.999.999.999.900,748.77,34,0.00515,0.1751,0.011,0.374,,3,4,48.219.000.000.000.000,11.557,0,1,3,5,37.438.600.000.000.000,0.84,31.448.400.000.000.000,52.330.999.999.999.900,21,149.75,68,2,2,2,2,16.926.099.999.999.900,32.076.999.999.999.900,307150859.5,15.255.489.999.999.900,19,0,23,Jan 52,22.799.999.999.999.900,
36,456.12,456.12,3,0.00515,0.01545,0.011,0.033,,3,4,48.216.999.999.999.900,11.529,0,1,3,5,22.806.199.999.999.900,0.84,1915.72,31.877.999.999.999.900,6,31.929.000.000.000.000,6,2,1,1,2,21.162.199.999.999.900,19.540.000.000.000.000,18.710.475.140.000.000,80.940.820.000.000.000,21,0,23,Jan 21,18.100.000.000.000.000,
37,900,900,13,0.00515,0.06695,0.011,0.143,,3,4,48.204.999.999.999.900,11.553.000.000.000.000,0,1,3,5,4500,0.84,3780,629,25,15.119.999.999.999.900,25,2,1,1,1,49.304.200.000.000.000,385.56,36.918.587.780.000.000,69.448.289.999.999.900,22,0,23,21.800.000.000.000.000,Mar 27,
38,47.501.999.999.999.900,475.02,23,0.00515,0.11845,0.011,0.253,,3,4,48.200.000.000.000.000,11.534.000.000.000.000,0,1,3,5,23.750.900.000.000.000,0.84,19.950.799.999.999.900,33.198.000.000.000.000,13,153.47,45,1,1,1,1,31.051.199.999.999.900,203.5,19.485.559.709.999.900,58.893.279.999.999.900,19,0,23,Jan 26,18.899.999.999.999.900,
39,83.819.999.999.999.900,83.82,1,0.00515,0.00515,0.011,0.011,,3,4,48.216.000.000.000.000,11.536,0,2,0,2,16.763.999.999.999.900,0.84,140.81,25.460.000.000.000.000,1,140.81,1,2,2,2,1,15.236.000.000.000.000,35.909.999.999.999.900,35.924.758.060.000.000,190813.22,18,0,23,0.13,0.19,
40,13.193.000.000.000.000,131.93,1,0.00515,0.00515,0.011,0.011,,3,4,48.203.000.000.000.000,11.553.000.000.000.000,0,2,0,2,26.386.000.000.000.000,0.84,22.163.999.999.999.900,40.079.999.999.999.900,1,22.163.999.999.999.900,1,2,1,2,1,50.075.999.999.999.900,56.520.000.000.000.000,56.545.358.939.999.900,101466.95,22,0,23,0.19,0.28,
41,200.53,200.53,1,0.00515,0.00515,0.011,0.011,,3,4,48.198.999.999.999.900,11.522,0,2,0,2,40.106.999.999.999.900,0.84,33.689.999.999.999.900,60.920.000.000.000.000,1,33.689.999.999.999.900,1,2,1,2,1,76.115.999.999.999.900,85.909.999.999.999.900,85.949.854.200.000.000,101466.95,19,0,23,0.19,0.29,
42,85.609.999.999.999.900,85.61,2,0.00515,0.0103,0.011,0.022,,3,4,48.213.000.000.000.000,11.547.000.000.000.000,0,2,0,2,171.22,0.84,14.381.999.999.999.900,26.010.000.000.000.000,2,71.909.999.999.999.900,4,2,1,2,1,324.94,36.670.000.000.000.000,36.692.434.479.999.900,101466.95,20,0,23,0.07,0.1,
43,100.41,100.41,1,0.00515,0.00515,0.011,0.011,,3,4,48.209.000.000.000.000,11.561,0,2,0,2,20.083.000.000.000.000,0.84,16.869.999.999.999.900,30. May,2,84.349.999.999.999.900,2,1,2,1,2,28.076.999.999.999.900,43.020.000.000.000.000,43.038.104.729.999.900,13.292.042.999.999.900,19,0,23,0.12,0.18,
44,14.833.000.000.000.000,148.33,1,0.00515,0.00515,0.011,0.011,,3,4,48.198.999.999.999.900,11.525,0,2,0,2,29.667.000.000.000.000,0.84,24.919.999.999.999.900,45.060.000.000.000.000,2,12.459.999.999.999.900,2,2,2,1,1,30.017.000.000.000.000,63.549.999.999.999.900,63.576.425.289.999.900,174798,20,0,23,0.12,0.19,
45,95.769.999.999.999.900,95.77,3,0.00515,0.01545,0.011,0.033,,3,4,48.197.000.000.000.000,11.553.000.000.000.000,0,2,0,2,19.155.000.000.000.000,0.84,16.090.000.000.000.000,29. Sep,2,80.450.000.000.000.000,6,2,1,2,1,36.352.999.999.999.900,41.030.000.000.000.000,41049462.32,101466.95,22,0,23,0.11,0.17,
46,17.049.000.000.000.000,170.49,4,0.00515,0.0206,0.011,0.044,,3,4,48.207.999.999.999.900,11.561,0,2,0,2,34.099.000.000.000.000,0.84,28.643.000.000.000.000,51.789.999.999.999.900,2,143.22,7,2,2,2,1,30.992.000.000.000.000,73.040.000.000.000.000,73074644.5,190813.22,18,0,23,0.16,0.24,
47,92.540.000.000.000.000,92.54,3,0.00515,0.01545,0.011,0.033,,3,4,48.216.000.000.000.000,11.487,0,2,1,2,18.508.000.000.000.000,0.84,155.47,33.159.999.999.999.900,2,77.739.999.999.999.900,6,2,1,2,2,25.666.000.000.000.000,39.640.000.000.000.000,31664801.43,10.686.735.000.000.000,20,0,23,0.13,0.2,
48,61.079.999.999.999.900,61.08,1,0.00515,0.00515,0.011,0.011,,3,4,48.201.999.999.999.900,11.538,0,2,1,2,122.16,0.84,102.61,21.890.000.000.000.000,1,102.61,1,1,1,2,1,22.531.999.999.999.900,26.170.000.000.000.000,20.899.696.030.000.000,83.104.919.999.999.900,21,0,23,0.06,0.08,
49,93.260.000.000.000.000,93.26,3,0.00515,0.01545,0.011,0.033,,3,4,48.216.000.000.000.000,11.489.000.000.000.000,0,2,1,2,18.652.000.000.000.000,0.84,15.668.000.000.000.000,33.420.000.000.000.000,2,78.340.000.000.000.000,5,1,1,1,2,29.389.999.999.999.900,39.950.000.000.000.000,31910702.41,95.582.960.000.000.000,21,0,23,0.04,0.07,
50,84.140.000.000.000.000,84.14,1,0.00515,0.00515,0.011,0.011,,3,4,48.203.000.000.000.000,11.538,0,2,1,2,16.827.000.000.000.000,0.84,14.134.999.999.999.900,30.149.999.999.999.900,1,14.134.999.999.999.900,1,2,1,1,1,27.856.999.999.999.900,36.039.999.999.999.900,28.788.923.870.000.000,91.505.869.999.999.900,19,0,23,0.1,0.15,
51,66.409.999.999.999.900,66.41,1,0.00515,0.00515,0.011,0.011,,3,4,48.213.999.999.999.900,Nov 49,0,2,1,2,132.81,0.84,111.56,23.800.000.000.000.000,1,111.56,1,2,1,1,1,219.87,28.449.999.999.999.900,22.722.475.030.000.000,91.505.869.999.999.900,18,0,23,0.04,0.06,
52,51.229.999.999.999.900,51.23,1,0.00515,0.00515,0.011,0.011,,3,4,48.216.000.000.000.000,11.544,0,2,1,2,10.245.999.999.999.900,0.84,86.060.000.000.000.000,18.359.999.999.999.900,1,86.060.000.000.000.000,1,1,1,1,1,18.897.999.999.999.900,21.949.999.999.999.900,17.528.580.670.000.000,83.104.919.999.999.900,22,0,23,0.06,0.08,
53,54.875.999.999.999.900,548.76,3,0.00515,0.01545,0.011,0.033,,3,4,48.201.000.000.000.000,11.538,0,2,1,2,1097.52,0.84,92.191.999.999.999.900,19.663.999.999.999.900,2,46.095.999.999.999.900,5,2,1,2,1,18.168.900.000.000.000,235.09,18.776.801.130.000.000,91.505.869.999.999.900,19,0,23,10.700.000.000.000.000,16.000.000.000.000.000,
54,92.5,92.5,5,0.00515,0.02575,0.011,0.055,,3,4,48.216.000.000.000.000,11.487,0,2,1,2,185,0.84,15.540.000.000.000.000,33.149.999.999.999.900,2,77.700.000.000.000.000,10,1,2,1,1,19.793.000.000.000.000,39.630.000.000.000.000,31.649.960.030.000.000,13.323.170.999.999.900,21,0,23,0.09,0.14,
55,14.599.000.000.000.000,145.99,3,0.00515,0.01545,0.011,0.033,,3,4,48.219.000.000.000.000,11.555,0,2,2,3,43.795.999.999.999.900,0.84,36.788.999.999.999.900,55.090.000.000.000.000,4,91.969.999.999.999.900,6,2,1,2,2,56.454.999.999.999.900,62.539.999.999.999.900,61.114.201.079.999.900,97.456.990.000.000.000,18,0,23,0.2,0.29,
56,19.497.999.999.999.900,194.98,5,0.00515,0.02575,0.011,0.055,,3,4,48.215.000.000.000.000,11.552,0,2,2,3,58.495.000.000.000.000,0.84,49.136.000.000.000.000,73.569.999.999.999.900,5,98.269.999.999.999.900,9,1,1,1,2,95.629.999.999.999.900,83.530.000.000.000.000,81.625.380.170.000.000,78.498.839.999.999.900,20,0,23,0.18,0.27,
57,125.61,125.61,3,0.00515,0.01545,0.011,0.033,,3,4,48.215.000.000.000.000,11.489.000.000.000.000,0,2,2,3,37.683.999.999.999.900,0.84,31.654.000.000.000.000,47.399.999.999.999.900,3,10.551.000.000.000.000,6,2,2,1,1,23.252.000.000.000.000,53.810.000.000.000.000,52584446.43,183649.44,20,0,23,0.27,0.41,
58,39.897.000.000.000.000,398.97,11,0.00515,0.05665,0.011,0.121,,3,4,48.213.000.000.000.000,11.550.000.000.000.000,0,2,2,3,11.969.000.000.000.000,0.84,1005.39,15.053.999.999.999.900,11,91.400.000.000.000.000,21,2,1,1,1,17.303.299.999.999.900,17.091.999.999.999.900,167017677,87.846.410.000.000.000,20,0,23,0.81,Jan 22,
59,177.16,177.16,8,0.00515,0.0412,0.011,0.088,,3,4,48.213.999.999.999.900,11.554,0,2,2,3,53.147.000.000.000.000,0.84,44.643.000.000.000.000,66.849.999.999.999.900,5,89.290.000.000.000.000,16,2,1,1,1,76.833.000.000.000.000,75.890.000.000.000.000,74.162.393.459.999.900,87.846.410.000.000.000,19,0,23,0.16,0.24,
60,19.949.000.000.000.000,199.49,4,0.00515,0.0206,0.011,0.044,,3,4,48.207.999.999.999.900,11.551,0,2,2,3,59.848.000.000.000.000,0.84,50.273.000.000.000.000,75.280.000.000.000.000,5,100.55,8,1,1,1,2,97.841.999.999.999.900,85.459.999.999.999.900,83.513.739.349.999.900,78.498.839.999.999.900,21,0,23,0.25,0.37,
61,127.7,127.7,3,0.00515,0.01545,0.011,0.033,,3,4,48.207.999.999.999.900,11.557,0,2,2,3,38.311.000.000.000.000,0.84,321.81,48.189.999.999.999.900,3,107.27,6,1,1,1,2,62.633.000.000.000.000,54.710.000.000.000.000,53.460.419.020.000.000,78.498.839.999.999.900,22,0,23,0.13,0.19,
62,336.94,336.94,3,0.00515,0.01545,0.011,0.033,,3,4,48.198,11.535,0,2,2,3,10.108.099.999.999.900,0.84,84.908.000.000.000.000,127.14,5,16.981.999.999.999.900,5,1,2,1,2,81.489.999.999.999.900,144.34,14.105.095.940.000.000,14.704.382.000.000.000,18,0,23,0.48,0.72,
63,33.410.000.000.000.000,334.1,13,0.00515,0.06695,0.011,0.143,,3,4,48.213.999.999.999.900,11.539.999.999.999.900,0,2,3,4,13.364.200.000.000.000,0.84,11.225.899.999.999.900,19.756.999.999.999.900,9,124.73,26,2,1,2,1,1922.05,143.13,17.547.679.330.000.000,84.969.119.999.999.900,19,0,23,0.68,01. Feb,
64,75.260.000.000.000.000,75.26,1,0.00515,0.00515,0.011,0.011,,3,4,48.210.999.999.999.900,11.529.999.999.999.900,0,3,0,2,15.050.999.999.999.900,0.84,12.643.000.000.000.000,14.56,2,63.219.999.999.999.900,2,2,1,1,2,21.474.000.000.000.000,32.240.000.000.000.000,35.856.593.420.000.000,14.518.160.999.999.900,22,0,23,0.09,0.14,
65,77.980.000.000.000.000,77.98,1,0.00515,0.00515,0.011,0.011,,3,4,48.212.000.000.000.000,11.529,0,3,0,2,15.596.000.000.000.000,0.84,13.100.999.999.999.900,15. Aug,1,13.100.999.999.999.900,1,2,1,2,1,22.877.000.000.000.000,33.409.999.999.999.900,37.155.187.009.999.900,14.171.992.000.000.000,21,0,23,0.09,0.13,
66,75.180.000.000.000.000,75.18,1,0.00515,0.00515,0.011,0.011,,3,4,48.210.999.999.999.900,11.529.999.999.999.900,0,3,0,2,15.036.000.000.000.000,0.84,126.3,14.539.999.999.999.900,1,126.3,1,2,1,1,1,23.633.000.000.000.000,32.210.000.000.000.000,35.820.027.390.000.000,133388.09,22,0,23,0.11,0.16,
67,150.37,150.37,1,0.00515,0.00515,0.011,0.011,,3,4,48.215.000.000.000.000,11.528,0,3,0,2,30.074.000.000.000.000,0.84,252.62,29. Sep,1,252.62,1,2,1,2,2,39.749.000.000.000.000,64.420.000.000.000.000,71.644.554.359.999.900,15.510.670.000.000.000,18,0,23,0.17,0.26,
68,75.129.999.999.999.900,75.13,4,0.00515,0.0206,0.011,0.044,,3,4,48.210.999.999.999.900,11.529.999.999.999.900,0,3,0,2,150.25,0.84,12.620.999.999.999.900,14.529.999.999.999.900,2,63.109.999.999.999.900,7,1,1,2,1,31.844.999.999.999.900,32.18,35.795.164.039.999.900,102088.08,22,0,23,0.01,0.01,
69,78.040.000.000.000.000,78.04,4,0.00515,0.0206,0.011,0.044,,3,4,48.212.000.000.000.000,11.529,0,3,0,2,15.606.999.999.999.900,0.84,13.109.999.999.999.900,15. Jan,2,65.549.999.999.999.900,7,2,1,1,2,22.266.999.999.999.900,33.43,37.181.001.390.000.000,14.518.160.999.999.900,21,0,23,0.13,0.19,
70,75.959.999.999.999.900,75.96,3,0.00515,0.01545,0.011,0.033,,3,4,48.210.999.999.999.900,11.529.999.999.999.900,0,3,0,2,151.91,0.84,127.61,14.69,2,63.799.999.999.999.900,6,2,1,2,2,200.78,32.539.999.999.999.900,36.189.850.979.999.900,15.510.670.000.000.000,21,0,23,0.11,0.17,
71,13.549.000.000.000.000,135.49,2,0.00515,0.0103,0.011,0.022,,3,4,48.200.000.000.000.000,11.522,0,3,0,2,27.098.000.000.000.000,0.84,227.62,26.210.000.000.000.000,2,113.81,4,2,2,2,1,22.966.999.999.999.900,58.039.999.999.999.900,64.555.300.469.999.900,22.437.098.999.999.900,18,0,23,0.23,0.35,
72,92.519.999.999.999.900,92.52,2,0.00515,0.0103,0.011,0.022,,3,4,48.216.000.000.000.000,11.487,0,3,1,2,18.503.999.999.999.900,0.84,15.543.000.000.000.000,44.700.000.000.000.000,2,77.719.999.999.999.900,4,2,1,1,2,27.848.000.000.000.000,39.640.000.000.000.000,38.484.811.969.999.900,12.097.549.000.000.000,18,0,23,0.13,0.19,
73,93.159.999.999.999.900,93.16,1,0.00515,0.00515,0.011,0.011,,3,4,48.216.000.000.000.000,11.489.000.000.000.000,0,3,1,2,18.633.000.000.000.000,0.84,15.652.000.000.000.000,45.009.999.999.999.900,2,78.260.000.000.000.000,2,2,1,2,1,34.793.000.000.000.000,39.909.999.999.999.900,38.752.459.469.999.900,99.917.380.000.000.000,21,0,23,0.15,0.22,
74,52.689.999.999.999.900,52.69,3,0.00515,0.01545,0.011,0.033,,3,4,48.220.999.999.999.900,11.519,0,3,1,2,105.38,0.84,88.519.999.999.999.900,25.449.999.999.999.900,1,88.519.999.999.999.900,5,2,1,2,2,158.59,22.57,21.915.903.030.000.000,12.097.549.000.000.000,22,0,23,0.05,0.07,
75,14.818.000.000.000.000,148.18,3,0.00515,0.01545,0.011,0.033,,3,4,48.216.000.000.000.000,11.488,0,3,2,2,29.636.000.000.000.000,0.84,24.894.999.999.999.900,34.609.999.999.999.900,4,62.240.000.000.000.000,6,2,2,1,1,25.247.999.999.999.900,63.479.999.999.999.900,56.965.806.950.000.000,18.029.245.000.000.000,21,0,23,0.23,0.34,
76,15.772.999.999.999.900,157.73,2,0.00515,0.0103,0.011,0.022,,3,4,48.212.000.000.000.000,11.529,0,3,2,2,31.545.999.999.999.900,0.84,26.499.000.000.000.000,36.840.000.000.000.000,4,66.25,4,2,1,1,1,43.600.999.999.999.900,67.569.999.999.999.900,60.636.944.719.999.900,12.041.121.000.000.000,18,0,23,0.21,0.31,
77,142.87,142.87,2,0.00515,0.0103,0.011,0.022,,3,4,48.216.000.000.000.000,11.488,0,3,2,2,285.75,0.84,240.03,33.369.999.999.999.900,3,80.010.000.000.000.000,3,1,1,2,2,38.022.000.000.000.000,61.210.000.000.000.000,54.925.083.299.999.900,12.442.635.000.000.000,22,0,23,0.25,0.37,
78,132.19,132.19,4,0.00515,0.0206,0.011,0.044,,3,4,48.216.000.000.000.000,Nov 49,0,3,2,2,26.438.999.999.999.900,0.84,222.09,30.870.000.000.000.000,3,74.030.000.000.000.000,7,2,1,1,1,36.542.000.000.000.000,56.630.000.000.000.000,50.819.271.649.999.900,12.041.121.000.000.000,19,0,23,0.24,0.36,
79,27.641.000.000.000.000,276.41,3,0.00515,0.01545,0.011,0.033,,3,4,48.213.000.000.000.000,11.529,0,3,2,2,55.282.000.000.000.000,0.84,464.37,64.549.999.999.999.900,5,92.870.000.000.000.000,5,2,1,1,1,76.407.000.000.000.000,118.41,106261363.3,12.041.121.000.000.000,22,0,23,0.46,0.69,
80,281.38,281.38,3,0.00515,0.01545,0.011,0.033,,3,4,48.215.000.000.000.000,11.528,0,3,2,2,56.275.999.999.999.900,0.84,47.272.000.000.000.000,65.709.999.999.999.900,5,94.540.000.000.000.000,5,1,1,2,1,86.053.999.999.999.900,12.054.000.000.000.000,10.817.190.609.999.900,110257.95,18,0,23,0.27,0.4,
81,14.030.000.000.000.000,140.3,6,0.00515,0.0309,0.011,0.066,,3,4,48.212.000.000.000.000,11.529.999.999.999.900,0,3,2,2,28.061.000.000.000.000,0.84,23.571.000.000.000.000,32.770.000.000.000.000,4,58.93,12,2,1,1,1,38.782.999.999.999.900,60.109.999.999.999.900,53.936.802.759.999.900,12.041.121.000.000.000,18,0,23,0.17,0.25,
82,142.91,142.91,7,0.00515,0.03605,0.011,0.077,,3,4,48.216.000.000.000.000,11.488,0,3,2,2,28.582.999.999.999.900,0.84,240.09,33.380.000.000.000.000,4,60.020.000.000.000.000,13,2,2,2,2,12.673.999.999.999.900,61.219.999.999.999.900,54.940.198.350.000.000,29.228.983.000.000.000,18,0,23,0.18,0.28,
83,900,900,3,0.00515,0.01545,0.011,0.033,,3,4,48.212.000.000.000.000,11.488,0,3,3,4,3600,0.84,3024,63.067.999.999.999.900,5,60.479.999.999.999.900,5,2,2,1,2,2158.21,385.56,55.166.897.870.000.000,21.687.070.999.999.900,22,0,23,19.099.999.999.999.900,28.700.000.000.000.000,
84,344.31,344.31,6,0.00515,0.0309,0.011,0.066,,3,4,48.215.000.000.000.000,11.528,0,3,3,4,1377.23,0.84,11.568.699.999.999.900,24.127.000.000.000.000,9,12.853.999.999.999.900,11,1,2,2,2,93.265.999.999.999.900,147.5,21.104.826.240.000.000,19.538.557.000.000.000,22,0,23,01. May,15.700.000.000.000.000,
85,900,900,4,0.00515,0.0206,0.011,0.044,,3,4,48.212.000.000.000.000,11.529,0,3,3,4,3600,0.84,3024,63.067.999.999.999.900,8,378,8,2,2,1,2,2158.21,385.56,55.166.897.870.000.000,21.687.070.999.999.900,18,0,23,03. Feb,45.300.000.000.000.000,
86,56.188.999.999.999.900,561.89,3,0.00515,0.01545,0.011,0.033,,3,4,48.213.000.000.000.000,11.529.999.999.999.900,0,3,3,4,22.475.700.000.000.000,0.84,1887.96,393.75,6,31.466.000.000.000.000,6,2,1,1,1,37.988.899.999.999.900,24.071.000.000.000.000,34.442.022.719.999.900,85.260.800.000.000.000,22,0,23,Jan 49,22.400.000.000.000.000,
87,74.150.000.000.000.000,74.15,3,0.00515,0.01545,0.011,0.033,,3,4,48.195,11.550.000.000.000.000,0,4,0,1,74.150.000.000.000.000,0.84,62.280.000.000.000.000,14.58,2,31.140.000.000.000.000,6,2,1,1,1,20.283.000.000.000.000,31.77,32.552.159.420.000.000,13.876.014.999.999.900,21,0,23,0.03,0.04,
88,110.78,110.78,2,0.00515,0.0103,0.011,0.022,,3,4,48.216.000.000.000.000,11.531.000.000.000.000,0,4,0,1,110.78,0.84,93.049.999.999.999.900,21.780.000.000.000.000,2,46.530.000.000.000.000,4,1,1,2,1,320.13,47.460.000.000.000.000,48.632.673.609.999.900,13.230.273.000.000.000,18,0,23,0.06,0.08,
89,113.17,113.17,1,0.00515,0.00515,0.011,0.011,,3,4,48.216.999.999.999.900,11.529,0,4,0,1,113.17,0.84,95.069.999.999.999.900,22.25,1,95.069.999.999.999.900,1,2,1,2,1,27.298.000.000.000.000,48.479.999.999.999.900,49.685.313.780.000.000,15.455.873.000.000.000,20,0,23,0.08,0.12,
90,13.721.000.000.000.000,137.21,1,0.00515,0.00515,0.011,0.011,,3,4,48.212.000.000.000.000,11.547.000.000.000.000,0,4,0,1,13.721.000.000.000.000,0.84,115.25,26.969.999.999.999.900,1,115.25,1,1,1,2,1,39.650.999.999.999.900,58.780.000.000.000.000,60.235.945.979.999.900,13.230.273.000.000.000,20,0,23,0.11,0.17,
91,182.59,182.59,3,0.00515,0.01545,0.011,0.033,,3,4,48.198.999.999.999.900,11.526,0,4,0,1,182.59,0.84,153.37,35.890.000.000.000.000,2,76.689.999.999.999.900,6,2,1,2,1,44.041.000.000.000.000,78.219.999.999.999.900,80.159.495.799.999.900,15.455.873.000.000.000,22,0,23,0.07,0.1,
92,60.630.000.000.000.000,60.63,2,0.00515,0.0103,0.011,0.022,,3,4,48.215.000.000.000.000,11.539,0,4,0,1,60.630.000.000.000.000,0.84,50.93,Nov 92,1,50.93,3,2,1,2,1,14.622.999.999.999.900,25.969.999.999.999.900,26.615.380.079.999.900,15.455.873.000.000.000,19,0,23,0.04,0.06,
93,169.69,169.69,2,0.00515,0.0103,0.011,0.022,,3,4,48.198.999.999.999.900,11.526.999.999.999.900,0,4,0,1,169.69,0.84,14.253.999.999.999.900,33.359.999.999.999.900,2,71.269.999.999.999.900,4,2,1,1,2,414.13,72.689.999.999.999.900,74.494.940.599.999.900,15.302.176.999.999.900,22,0,23,0.07,0.1,
94,149.03,149.03,2,0.00515,0.0103,0.011,0.022,,3,4,48.215.000.000.000.000,11.545,0,4,0,1,149.03,0.84,12.518.000.000.000.000,29.300.000.000.000.000,2,62.590.000.000.000.000,4,1,1,1,2,43.492.000.000.000.000,63.840.000.000.000.000,65425458.93,13.117.492.999.999.900,21,0,23,0.05,0.08,
95,61.649.999.999.999.900,61.65,2,0.00515,0.0103,0.011,0.022,,3,4,48.203.000.000.000.000,11.537.000.000.000.000,0,4,1,3,18.494.999.999.999.900,0.84,15.536.000.000.000.000,15.130.000.000.000.000,1,15.536.000.000.000.000,3,1,1,2,2,12.838.999.999.999.900,26.41,21378207.68,13.810.495.000.000.000,19,0,23,0.1,0.15,
96,61.700.000.000.000.000,61.7,2,0.00515,0.0103,0.011,0.022,,3,4,48.203.000.000.000.000,11.537.000.000.000.000,0,4,1,3,18.509.999.999.999.900,0.84,15.547.999.999.999.900,15.140.000.000.000.000,1,15.547.999.999.999.900,4,1,1,1,1,15.121.000.000.000.000,26.43,21.396.049.890.000.000,120444.13,22,0,23,0.07,0.11,
97,59.609.999.999.999.900,59.61,2,0.00515,0.0103,0.011,0.022,,3,4,48.203.000.000.000.000,11.537.000.000.000.000,0,4,1,3,17.883.000.000.000.000,0.84,150.22,14.630.000.000.000.000,1,150.22,3,2,2,2,1,87.590.000.000.000.000,25.539.999.999.999.900,20.671.156.359.999.900,18.272.245.000.000.000,18,0,23,0.08,0.12,
98,59.609.999.999.999.900,59.61,1,0.00515,0.00515,0.011,0.011,,3,4,48.203.000.000.000.000,11.538,0,4,1,3,17.883.000.000.000.000,0.84,150.22,14.630.000.000.000.000,1,150.22,2,1,1,2,2,124.14,25.539.999.999.999.900,20.671.157.530.000.000,13.810.495.000.000.000,22,0,23,0.13,0.19,
99,91.920.000.000.000.000,91.92,2,0.00515,0.0103,0.011,0.022,,3,4,48.216.000.000.000.000,11.487,0,4,1,3,275.75,0.84,231.63,22.559.999.999.999.900,2,115.81,4,2,1,1,1,20.055.000.000.000.000,39.380.000.000.000.000,31.874.044.100.000.000,132846.94,19,0,23,0.12,0.18,
100,94.969.999.999.999.900,94.97,2,0.00515,0.0103,0.011,0.022,,3,4,48.216.000.000.000.000,11.488,0,4,1,3,28.491.000.000.000.000,0.84,23.931.999.999.999.900,23.309.999.999.999.900,2,119.66,4,1,1,2,1,232.75,40.689.999.999.999.900,32933164.82,120444.13,18,0,23,0.15,0.23,
101,63.140.000.000.000.000,63.14,1,0.00515,0.00515,0.011,0.011,,3,4,48.203.000.000.000.000,11.538,0,4,1,3,18.941.999.999.999.900,0.84,15.911.000.000.000.000,15. May,1,15.911.000.000.000.000,2,2,1,1,1,13.777.000.000.000.000,27.050.000.000.000.000,21.895.277.510.000.000,132846.94,18,0,23,0.09,0.13,
102,185.72,185.72,3,0.00515,0.01545,0.011,0.033,,3,4,48.215.000.000.000.000,Nov 49,0,4,1,3,55.716.999.999.999.900,0.84,46.801.999.999.999.900,45.590.000.000.000.000,2,23.400.999.999.999.900,6,1,1,1,1,45.516.000.000.000.000,79.560.000.000.000.000,64.404.123.289.999.900,120444.13,21,0,23,0.11,0.17,
103,11.020.999.999.999.900,110.21,4,0.00515,0.0206,0.011,0.044,,3,4,48.207.999.999.999.900,11.555.999.999.999.900,0,4,2,3,330.62,0.84,27.772.000.000.000.000,48.380.000.000.000.000,3,92.569.999.999.999.900,7,1,2,2,2,16.918.000.000.000.000,47.210.000.000.000.000,50.129.787.689.999.900,231665.31,21,0,23,0.08,0.12,
104,124.72,124.72,3,0.00515,0.01545,0.011,0.033,,3,4,48.213.999.999.999.900,Nov 49,0,4,2,3,37.417.000.000.000.000,0.84,31.430.000.000.000.000,54.759.999.999.999.900,3,104.77,6,2,1,1,1,504.75,53.43,56732585.57,10.163.799.000.000.000,20,0,23,0.29,0.44,
105,82.849.999.999.999.900,82.85,2,0.00515,0.0103,0.011,0.022,,3,4,48.216.999.999.999.900,11.529.999.999.999.900,0,4,2,3,24.855.000.000.000.000,0.84,208.78,36.369.999.999.999.900,2,104.39,4,1,2,2,2,12.718.000.000.000.000,35.490.000.000.000.000,37.685.638.369.999.900,231665.31,19,0,23,0.05,0.08,
106,39.300.999.999.999.900,393.01,22,0.00515,0.1133,0.011,0.242,,3,4,48.219.999.999.999.900,11.555,0,4,2,3,1179.04,0.84,99.038.999.999.999.900,17.255.000.000.000.000,11,90.040.000.000.000.000,44,1,2,1,1,1023.74,168.37,17.877.036.940.000.000,14.996.226.000.000.000,19,0,23,0.46,0.68,
107,13.711.000.000.000.000,137.11,3,0.00515,0.01545,0.011,0.033,,3,4,48.213.999.999.999.900,11.488,0,4,2,3,41.132.999.999.999.900,0.84,34.551.999.999.999.900,60.200.000.000.000.000,3,115.17,6,1,1,1,2,48.942.000.000.000.000,58.740.000.000.000.000,62368003.18,113778.13,21,0,23,0.13,0.19,
108,214.75,214.75,6,0.00515,0.0309,0.011,0.066,,3,4,48.219.000.000.000.000,11.550.000.000.000.000,0,4,2,3,64.424.000.000.000.000,0.84,54.115.999.999.999.900,94.280.000.000.000.000,6,90.189.999.999.999.900,12,2,1,1,2,70.879.999.999.999.900,92,97.681.713.209.999.900,12.198.039.999.999.900,20,0,23,0.3,0.45,
109,19.640.000.000.000.000,196.4,3,0.00515,0.01545,0.011,0.033,,3,4,48.195,11.551,0,4,2,3,58.919.000.000.000.000,0.84,49.492.000.000.000.000,86.219.999.999.999.900,5,98.980.000.000.000.000,6,1,2,1,2,365,84.140.000.000.000.000,89.334.566.379.999.900,19.890.435.000.000.000,22,0,23,0.26,0.39,
110,27.748.000.000.000.000,277.48,9,0.00515,0.04635,0.011,0.099,,3,4,48.219.000.000.000.000,11.555,0,4,2,3,83.245.000.000.000.000,0.84,69.925.999.999.999.900,12.181.999.999.999.900,7,99.890.000.000.000.000,17,2,2,1,1,64.821.000.000.000.000,118.87,12.621.979.609.999.900,164545.47,19,0,23,0.56,0.84,
111,72.319.000.000.000.000,723.19,30,0.00515,0.1545,0.011,0.33,,3,4,48.210.999.999.999.900,11.551,0,4,3,8,57.855.600.000.000.000,0.84,48.598.699.999.999.900,90.884.000.000.000.000,20,24.299.000.000.000.000,60,1,2,1,2,28.210.900.000.000.000,30.981.999.999.999.900,65.036.750.839.999.900,207725.19,20,0,23,36.499.999.999.999.900,54.699.999.999.999.900,
112,715.13,715.13,20,0.00515,0.103,0.011,0.22,,3,4,48.219.000.000.000.000,Nov 56,0,4,3,8,57.210.100.000.000.000,0.84,48.056.499.999.999.900,89.870.000.000.000.000,20,240.28,40,1,1,1,1,84.375.699.999.999.900,30.636.000.000.000.000,64.311.121.779.999.900,73.549.470.000.000.000,20,0,23,41.299.999.999.999.900,62.000.000.000.000.000,
113,654.62,654.62,9,0.00515,0.04635,0.011,0.099,,3,4,48.210.000.000.000.000,11.558,0,4,3,8,52.369.300.000.000.000,0.84,43.990.200.000.000.000,82.265.999.999.999.900,18,24.438.999.999.999.900,18,1,1,1,2,63.251.000.000.000.000,280.44,58.869.476.929.999.900,89.121.350.000.000.000,18,0,23,Feb 25,33.700.000.000.000.000,
114,508.25,508.25,2,0.00515,0.0103,0.011,0.022,,3,4,48.216.999.999.999.900,11.529,0,4,3,8,40.659.899.999.999.900,0.84,34.154.400.000.000.000,63.872.000.000.000.000,3,1138.48,3,1,2,1,2,19.826.099.999.999.900,21.772.999.999.999.900,45.706.751.030.000.000,207725.19,21,0,23,24.399.999.999.999.900,36.499.999.999.999.900,
115,46.569.999.999.999.900,465.7,13,0.00515,0.06695,0.011,0.143,,3,4,48.206.000.000.000.000,11.550.000.000.000.000,0,4,3,8,37.256.300.000.000.000,0.84,31.295.300.000.000.000,585.25,13,24.072.999.999.999.900,26,1,1,1,1,54.946.999.999.999.900,19.950.999.999.999.900,418805941.5,73.549.470.000.000.000,19,0,23,01. Mar,19.399.999.999.999.900,
116,83.304.999.999.999.900,833.05,12,0.00515,0.0618,0.011,0.132,,3,4,48.212.000.000.000.000,11.557,0,4,3,8,66.643.800.000.000.000,0.84,55.980.799.999.999.900,10.469.000.000.000.000,23,24.338.999.999.999.900,23,2,1,2,2,75.458.800.000.000.000,356.88,74.915.762.170.000.000,94.796.940.000.000.000,19,0,23,11.499.999.999.999.900,Jan 72,
117,67.353.999.999.999.900,673.54,10,0.00515,0.0515,0.011,0.11,,3,4,48.209.000.000.000.000,11.550.000.000.000.000,0,4,3,8,53.883.199.999.999.900,0.84,45.261.899.999.999.900,84.644.000.000.000.000,19,238.22,19,1,1,2,1,77.290.900.000.000.000,28.854.000.000.000.000,60.571.336.870.000.000,75.547.660.000.000.000,20,0,23,24.700.000.000.000.000,Mar 71,
118,72.650.999.999.999.900,726.51,40,0.00515,0.206,0.011,0.44,,3,4,48.197.000.000.000.000,11.529.999.999.999.900,0,4,3,8,58.120.600.000.000.000,0.84,48.821.300.000.000.000,91.300.999.999.999.900,20,24.411.000.000.000.000,80,1,1,2,1,83.369.099.999.999.900,31.124.000.000.000.000,65.334.705.860.000.000,75.547.660.000.000.000,22,0,23,55.899.999.999.999.900,83.900.000.000.000.000,
119,21.825.999.999.999.900,218.26,2,0.00515,0.0103,0.011,0.022,,3,4,48.198.999.999.999.900,11.510.999.999.999.900,0,5,0,1,21.825.999.999.999.900,0.84,183.34,41.170.000.000.000.000,2,91.670.000.000.000.000,4,1,1,1,1,509.87,93.5,101440957.3,16.812.398.999.999.900,21,0,23,0.03,0.05,
120,81.930.000.000.000.000,81.93,1,0.00515,0.00515,0.011,0.011,,3,4,48.206.000.000.000.000,11.557,0,5,0,1,81.930.000.000.000.000,0.84,68.819.999.999.999.900,15.449.999.999.999.900,2,34.409.999.999.999.900,2,2,1,1,1,164.91,35.100.000.000.000.000,38.076.975.509.999.900,19.037.914.999.999.900,21,0,23,0.04,0.06,
121,91.510.000.000.000.000,91.51,1,0.00515,0.00515,0.011,0.011,,3,4,48.195.999.999.999.900,11.544,0,5,0,1,91.510.000.000.000.000,0.84,76.870.000.000.000.000,17.260.000.000.000.000,2,38.439.999.999.999.900,2,1,1,1,1,213.78,39.200.000.000.000.000,42.532.823.560.000.000,16.812.398.999.999.900,18,0,23,0.05,0.07,
122,92.760.000.000.000.000,92.76,2,0.00515,0.0103,0.011,0.022,,3,4,48.197.000.000.000.000,11.554,0,5,0,1,92.760.000.000.000.000,0.84,77.920.000.000.000.000,17. May,2,38.960.000.000.000.000,3,1,2,1,2,11.956.999.999.999.900,39.740.000.000.000.000,43.112.326.859.999.900,27.061.472.999.999.900,20,0,23,0.04,0.06,
123,132.34,132.34,2,0.00515,0.0103,0.011,0.022,,3,4,48.210.999.999.999.900,11.554,0,5,0,1,132.34,0.84,111.16,24.960.000.000.000.000,2,55.579.999.999.999.900,4,1,1,1,2,27.169.999.999.999.900,56.689.999.999.999.900,61.506.464.329.999.900,18.729.360.000.000.000,18,0,23,0.09,0.14,
124,120.17,120.17,1,0.00515,0.00515,0.011,0.011,,3,4,48.206.000.000.000.000,11.563.000.000.000.000,0,5,0,1,120.17,0.84,100.94,22.670.000.000.000.000,2,50.469.999.999.999.900,2,1,1,2,2,22.199.000.000.000.000,51.479.999.999.999.900,55.851.749.700.000.000,20.423.129.999.999.900,18,0,23,0.05,0.07,
125,13.508.000.000.000.000,135.08,1,0.00515,0.00515,0.011,0.011,,3,4,48.198,11.516.999.999.999.900,0,5,0,1,13.508.000.000.000.000,0.84,113.47,25.48,2,56.729.999.999.999.900,1,2,2,1,1,168.69,57.869.999.999.999.900,62.781.720.479.999.900,27.710.382.000.000.000,21,0,23,0.1,0.15,
126,86.420.000.000.000.000,86.42,1,0.00515,0.00515,0.011,0.011,,3,4,48.200.000.000.000.000,11.526.999.999.999.900,0,5,0,1,86.420.000.000.000.000,0.84,72.590.000.000.000.000,16.300.000.000.000.000,1,72.590.000.000.000.000,1,2,2,2,2,65.689.999.999.999.900,37.020.000.000.000.000,40.166.222.890.000.000,39.105.671.000.000.000,19,0,23,0.01,0.01,
127,15.449.000.000.000.000,154.49,2,0.00515,0.0103,0.011,0.022,,3,4,48.212.000.000.000.000,11.544,0,5,1,2,30.898.000.000.000.000,0.84,25.955.000.000.000.000,49.859.999.999.999.900,2,12.977.000.000.000.000,4,1,1,1,1,37.019.999.999.999.900,66.180.000.000.000.000,62.011.663.420.000.000,14.210.476.000.000.000,20,0,23,0.07,0.1,
128,61.75,61.75,1,0.00515,0.00515,0.011,0.011,,3,4,48.201.999.999.999.900,11.539,0,5,1,2,123.5,0.84,10.373.999.999.999.900,19.93,1,10.373.999.999.999.900,2,2,2,1,2,65.799.999.999.999.900,26.449.999.999.999.900,24785180.32,268679.88,21,0,23,0.06,0.09,
129,65.430.000.000.000.000,65.43,1,0.00515,0.00515,0.011,0.011,,3,4,48.210.999.999.999.900,11.545.999.999.999.900,0,5,1,2,13.086.000.000.000.000,0.84,109.92,21.120.000.000.000.000,1,109.92,1,2,1,2,2,107.52,28.030.000.000.000.000,26.262.937.489.999.900,193751.87,22,0,23,0.08,0.11,
130,60.420.000.000.000.000,604.2,2,0.00515,0.0103,0.011,0.022,,3,4,48.201.000.000.000.000,11.539,0,5,1,2,12.084.000.000.000.000,0.84,1015.05,19.500.999.999.999.900,2,50.752.999.999.999.900,4,1,1,1,2,1155.27,25.883.999.999.999.900,24.251.978.219.999.900,17.149.976.999.999.900,21,0,23,0.76,11.499.999.999.999.900,
131,16.511.000.000.000.000,165.11,1,0.00515,0.00515,0.011,0.011,,3,4,48.195,11.534.000.000.000.000,0,5,1,2,33.022.000.000.000.000,0.84,277.38,53.289.999.999.999.900,2,138.69,2,2,1,2,1,351.25,70.730.000.000.000.000,66.272.810.310.000.000,15.705.020.000.000.000,18,0,23,0.21,0.31,
132,57.530.000.000.000.000,57.53,1,0.00515,0.00515,0.011,0.011,,3,4,48.195,11.534.000.000.000.000,0,5,1,2,115.05,0.84,96.640.000.000.000.000,18.57,1,96.640.000.000.000.000,2,1,2,1,2,76.760.000.000.000.000,24.640.000.000.000.000,23.090.028.280.000.000,227708.87,22,0,23,0.06,0.09,
133,61.75,61.75,2,0.00515,0.0103,0.011,0.022,,3,4,48.203.000.000.000.000,11.539,0,5,1,2,123.5,0.84,10.373.999.999.999.900,19.93,1,10.373.999.999.999.900,4,1,1,2,1,14.796.000.000.000.000,26.449.999.999.999.900,24.785.068.059.999.900,14.210.476.000.000.000,22,0,23,0.04,0.06,
134,65.430.000.000.000.000,65.43,1,0.00515,0.00515,0.011,0.011,,3,4,48.210.999.999.999.900,11.545.999.999.999.900,0,5,1,2,13.086.000.000.000.000,0.84,109.92,21.120.000.000.000.000,1,109.92,2,2,1,1,1,13.919.999.999.999.900,28.030.000.000.000.000,26.262.940.149.999.900,15.705.020.000.000.000,18,0,23,0.13,0.19,
135,21.472.999.999.999.900,214.73,7,0.00515,0.03605,0.011,0.077,,3,4,48.219.000.000.000.000,11.550.000.000.000.000,0,5,2,2,42.945.999.999.999.900,0.84,36.074.000.000.000.000,67.670.000.000.000.000,6,60.119.999.999.999.900,14,1,1,1,2,52.908.000.000.000.000,91.989.999.999.999.900,102956888.8,165774.44,21,0,23,0.13,0.19,
136,28.163.999.999.999.900,281.64,8,0.00515,0.0412,0.011,0.088,,3,4,48.210.999.999.999.900,11.544,0,5,2,2,56.327.999.999.999.900,0.84,47.314.999.999.999.900,88.760.000.000.000.000,8,59.140.000.000.000.000,16,1,1,2,2,63.598.000.000.000.000,12.065.000.000.000.000,13.503.925.969.999.900,17.847.345.999.999.900,22,0,23,0.24,0.35,
137,208.69,208.69,4,0.00515,0.0206,0.011,0.044,,3,4,48.218.000.000.000.000,11.484,0,5,2,2,417.38,0.84,35.060.000.000.000.000,65.769.999.999.999.900,5,70.120.000.000.000.000,7,2,1,1,2,45.811.000.000.000.000,89.400.000.000.000.000,10.006.252.790.000.000,182759.22,20,0,23,0.22,0.32,
138,11.823.999.999.999.900,118.24,2,0.00515,0.0103,0.011,0.022,,3,4,48.212.000.000.000.000,11.561.999.999.999.900,0,5,2,2,23.649.000.000.000.000,0.84,19.865.000.000.000.000,37.259.999.999.999.900,3,66.219.999.999.999.900,3,2,1,2,2,23.522.999.999.999.900,50.659.999.999.999.900,56.695.530.549.999.900,198315.87,21,0,23,0.13,0.2,
139,82.670.000.000.000.000,82.67,1,0.00515,0.00515,0.011,0.011,,3,4,48.210.999.999.999.900,11.553.000.000.000.000,0,5,2,2,16.534.999.999.999.900,0.84,13.888.999.999.999.900,26.050.000.000.000.000,2,69.450.000.000.000.000,1,2,1,2,2,164.47,35.420.000.000.000.000,39.640.466.890.000.000,198315.87,20,0,23,0.08,0.12,
140,214.53,214.53,8,0.00515,0.0412,0.011,0.088,,3,4,48.210.999.999.999.900,11.545.999.999.999.900,0,5,2,2,42.906.999.999.999.900,0.84,36.042.000.000.000.000,67.609.999.999.999.900,6,60.07,16,1,1,1,1,64.352.999.999.999.900,91.909.999.999.999.900,10.286.346.109.999.900,13.986.689.000.000.000,18,0,23,0.19,0.28,
141,27.614.999.999.999.900,276.15,9,0.00515,0.04635,0.011,0.099,,3,4,48.215.000.000.000.000,11.557,0,5,2,2,55.230.999.999.999.900,0.84,463.94,87.030.000.000.000.000,7,66.280.000.000.000.000,18,1,1,1,1,828.38,118.3,13.240.942.240.000.000,13.986.689.000.000.000,18,0,23,0.13,0.2,
142,116.02,116.02,6,0.00515,0.0309,0.011,0.066,,3,4,48.212.000.000.000.000,11.555,0,5,2,2,23.205.000.000.000.000,0.84,19.491.999.999.999.900,36.560.000.000.000.000,3,64.969.999.999.999.900,11,2,1,1,1,31.685.000.000.000.000,49.700.000.000.000.000,55.630.598.810.000.000,15.176.714.000.000.000,18,0,23,0.1,0.14,
143,68.332.000.000.000.000,683.32,19,0.00515,0.09785,0.011,0.209,,3,4,48.220.999.999.999.900,11.561,0,5,3,6,40.999.099.999.999.900,0.84,34.439.299.999.999.900,57.929.999.999.999.900,19,18.125.999.999.999.900,38,2,1,2,1,4417.79,29.273.000.000.000.000,51.863.106.930.000.000,11.010.046.000.000.000,20,0,23,Jan 98,29.700.000.000.000.000,
144,47.566.000.000.000.000,475.66,3,0.00515,0.01545,0.011,0.033,,3,4,48.215.000.000.000.000,11.528,0,5,3,6,2853.96,0.84,23.973.200.000.000.000,403.25,6,39.955.000.000.000.000,6,1,1,1,1,3300.98,20.377.000.000.000.000,36.102.005.780.000.000,10.300.867.999.999.900,18,0,23,18.600.000.000.000.000,Feb 79,
145,67.795.000.000.000.000,677.95,10,0.00515,0.0515,0.011,0.11,,3,4,48.198.999.999.999.900,11.529,0,5,3,6,4067.71,0.84,34.168.699.999.999.900,574.75,19,179.84,19,1,1,1,1,47.048.400.000.000.000,29.043.000.000.000.000,51.455.704.839.999.900,10.300.867.999.999.900,20,0,23,Mar 48,52.199.999.999.999.900,
146,162.78,162.78,4,0.00515,0.0206,0.011,0.044,,3,4,48.201.999.999.999.900,11.539.999.999.999.900,0,5,3,6,97.669.000.000.000.000,0.84,82.041.999.999.999.900,138,4,20.511.000.000.000.000,8,1,2,2,1,62.694.000.000.000.000,69.739.999.999.999.900,123549946.3,177342.06,20,0,23,0.5,0.74,
147,45.539.999.999.999.900,455.4,26,0.00515,0.1339,0.011,0.286,,3,4,48.195.999.999.999.900,11.525,0,5,3,6,27.324.200.000.000.000,0.84,22.952.399.999.999.900,38.607.999.999.999.900,13,176.56,51,1,2,1,1,18.476.600.000.000.000,195.09,34.564.625.760.000.000,16.920.557.999.999.900,21,0,23,0.81,Jan 22,
148,900,900,63,0.00515,0.32445,0.011,0.693,,3,4,48.209.000.000.000.000,11.555,0,5,3,6,5400,0.84,4536,763,25,181.44,125,1,1,1,1,62.458.199.999.999.900,385.56,683089680,10.300.867.999.999.900,18,0,23,38.599.999.999.999.900,57.999.999.999.999.900,
149,42.660.000.000.000.000,426.6,20,0.00515,0.103,0.011,0.22,,3,4,48.209.000.000.000.000,11.551,0,5,3,6,25.595.900.000.000.000,0.84,21.500.500.000.000.000,36.166.000.000.000.000,12,17.916.999.999.999.900,39,2,1,2,1,2758.04,182.75,323782879.5,11.010.046.000.000.000,21,0,23,13.400.000.000.000.000,02. Feb,
150,71.078.999.999.999.900,710.79,34,0.00515,0.1751,0.011,0.374,,3,4,48.210.999.999.999.900,Nov 56,0,5,3,6,42.647.600.000.000.000,0.84,35.824.000.000.000.000,60.260.000.000.000.000,20,179.12,68,2,1,1,2,3717.29,304.5,539484339,13.414.010.000.000.000,19,0,23,18.999.999.999.999.900,28.399.999.999.999.900,
151,123.52,123.52,5,0.00515,0.02575,0.011,0.055,,3,4,48.210.000.000.000.000,11.554,0,6,0,3,37.056.999.999.999.900,0.84,31.127.999.999.999.900,33.590.000.000.000.000,2,15.563.999.999.999.900,10,1,1,1,1,39.950.999.999.999.900,52.920.000.000.000.000,54.852.805.170.000.000,121240.13,21,0,23,0.32,0.48,
152,111.97,111.97,4,0.00515,0.0206,0.011,0.044,,3,4,48.204.999.999.999.900,11.561.999.999.999.900,0,6,0,3,33.591.000.000.000.000,0.84,28.217.000.000.000.000,30.449.999.999.999.900,2,14.108.000.000.000.000,8,1,1,1,1,36.214.999.999.999.900,47.969.999.999.999.900,49.723.093.299.999.900,121240.13,22,0,23,0.17,0.26,
153,138.22,138.22,2,0.00515,0.0103,0.011,0.022,,3,4,48.195.999.999.999.900,11.522,0,6,0,3,41.464.999.999.999.900,0.84,348.31,37.590.000.000.000.000,2,17.415.000.000.000.000,3,2,1,1,1,43.441.000.000.000.000,59.210.000.000.000.000,61.378.628.039.999.900,124342.02,20,0,23,0.23,0.34,
154,900,900,3,0.00515,0.01545,0.011,0.033,,3,4,48.192.999.999.999.900,11.550.000.000.000.000,0,6,0,3,2700,0.84,2268,244.75,2,1134,5,1,1,1,1,29.109.200.000.000.000,385.56,399665328.5,121240.13,20,0,23,22.999.999.999.999.900,34.500.000.000.000.000,
155,191.09,191.09,1,0.00515,0.00515,0.011,0.011,,3,4,48.216.999.999.999.900,11.544,0,6,0,3,57.326.999.999.999.900,0.84,48.154.000.000.000.000,51.969.999.999.999.900,2,24.077.000.000.000.000,1,1,2,2,1,40.574.000.000.000.000,81.859.999.999.999.900,84.857.272.659.999.900,174028.28,21,0,23,0.39,0.59,
156,88.519.999.999.999.900,88.52,3,0.00515,0.01545,0.011,0.033,,3,4,48.216.999.999.999.900,11.542.999.999.999.900,0,6,0,3,265.56,0.84,22.306.999.999.999.900,24. Jul,2,11.154.000.000.000.000,5,1,1,1,1,286.31,37.920.000.000.000.000,39309753.5,121240.13,22,0,23,0.14,0.21,
157,87.439.999.999.999.900,87.44,1,0.00515,0.00515,0.011,0.011,,3,4,48.195.999.999.999.900,11.553.000.000.000.000,0,6,0,3,26.232.999.999.999.900,0.84,22.034.999.999.999.900,23.780.000.000.000.000,1,22.034.999.999.999.900,1,2,1,2,1,260.5,37.460.000.000.000.000,38830486.25,130319.06,22,0,23,0.06,0.09,
158,19.511.000.000.000.000,195.11,1,0.00515,0.00515,0.011,0.011,,3,4,48.223.999.999.999.900,11.521.000.000.000.000,0,6,0,3,58.533.000.000.000.000,0.84,49.167.000.000.000.000,53.060.000.000.000.000,2,245.84,2,1,1,1,1,63.104.999.999.999.900,83.579.999.999.999.900,86.642.479.060.000.000,121240.13,18,0,23,0.38,0.58,
159,179.12,179.12,1,0.00515,0.00515,0.011,0.011,,3,4,48.201.000.000.000.000,11.548,0,6,1,2,358.25,0.84,30.093.000.000.000.000,41.840.000.000.000.000,1,30.093.000.000.000.000,1,2,1,1,1,33.774.000.000.000.000,76.739.999.999.999.900,60.454.764.979.999.900,14.585.660.999.999.900,20,0,23,0.11,0.16,
160,138.63,138.63,2,0.00515,0.0103,0.011,0.022,,3,4,48.204.999.999.999.900,Nov 56,0,6,1,2,27.725.999.999.999.900,0.84,23.290.000.000.000.000,32.380.000.000.000.000,2,116.45,3,1,1,1,1,27.539.999.999.999.900,59.390.000.000.000.000,46.788.187.509.999.900,139752,21,0,23,0.12,0.18,
161,18.884.999.999.999.900,188.85,4,0.00515,0.0206,0.011,0.044,,3,4,48.204.999.999.999.900,Nov 56,0,6,1,2,37.770.999.999.999.900,0.84,31.726.999.999.999.900,44.109.999.999.999.900,2,15.863.999.999.999.900,7,1,2,1,1,305.81,80.900.000.000.000.000,63.738.311.780.000.000,164818.56,20,0,23,0.17,0.26,
162,71.290.000.000.000.000,71.29,1,0.00515,0.00515,0.011,0.011,,3,4,48.213.000.000.000.000,11.547.000.000.000.000,0,6,1,2,14.258.000.000.000.000,0.84,119.77,16.649.999.999.999.900,1,119.77,1,1,1,1,1,141.63,30.539.999.999.999.900,24.060.583.309.999.900,139752,18,0,23,0.02,0.03,
163,14.186.000.000.000.000,141.86,3,0.00515,0.01545,0.011,0.033,,3,4,48.204.999.999.999.900,Nov 56,0,6,1,2,28.373.000.000.000.000,0.84,23.833.000.000.000.000,33.140.000.000.000.000,2,119.16,5,1,1,2,1,28.181.999.999.999.900,60.770.000.000.000.000,47.878.878.079.999.900,139752,22,0,23,0.16,0.23,
164,97.510.000.000.000.000,97.51,2,0.00515,0.0103,0.011,0.022,,3,4,48.213.999.999.999.900,11.545,0,6,1,2,19.500.999.999.999.900,0.84,163.81,22.780.000.000.000.000,2,81.900.000.000.000.000,4,1,1,1,2,15.953.999.999.999.900,41.770.000.000.000.000,32908060.91,16.346.914.999.999.900,18,0,23,0.01,0.02,
165,17.736.000.000.000.000,177.36,1,0.00515,0.00515,0.011,0.011,,3,4,48.213.000.000.000.000,11.547.000.000.000.000,0,6,1,2,35.473.000.000.000.000,0.84,29.797.000.000.000.000,41.43,2,14.899.000.000.000.000,2,1,1,2,1,35.235.000.000.000.000,75.980.000.000.000.000,59.860.787.729.999.900,139752,19,0,23,0.02,0.04,
166,157.62,157.62,4,0.00515,0.0206,0.011,0.044,,3,4,48.201.000.000.000.000,11.547.000.000.000.000,0,6,1,2,315.25,0.84,264.81,36.82,2,13.240.000.000.000.000,7,2,1,1,1,29.719.999.999.999.900,67.530.000.000.000.000,53.198.014.619.999.900,14.585.660.999.999.900,20,0,23,0.07,0.11,
167,296.19,296.19,4,0.00515,0.0206,0.011,0.044,,3,4,48.201.999.999.999.900,11.563.000.000.000.000,0,6,2,3,88.855.999.999.999.900,0.84,74.638.999.999.999.900,99.599.999.999.999.900,8,93.299.999.999.999.900,8,1,1,2,2,62.720.000.000.000.000,126.89,12.124.372.540.000.000,16.078.185.999.999.900,18,0,23,0.76,11.399.999.999.999.900,
168,19.877.000.000.000.000,198.77,4,0.00515,0.0206,0.011,0.044,,3,4,48.203.000.000.000.000,11.563.000.000.000.000,0,6,2,3,59.632.000.000.000.000,0.84,50.091.000.000.000.000,66.840.000.000.000.000,5,10.018.000.000.000.000,8,1,1,1,1,56.711.000.000.000.000,85.150.000.000.000.000,81.367.582.950.000.000,12.474.632.000.000.000,20,0,23,0.28,0.43,
169,96.819.999.999.999.900,96.82,2,0.00515,0.0103,0.011,0.022,,3,4,48.195,11.548.999.999.999.900,0,6,2,3,29.045.999.999.999.900,0.84,24.397.999.999.999.900,32.560.000.000.000.000,2,12.198.999.999.999.900,4,1,2,1,1,18.983.000.000.000.000,41.479.999.999.999.900,39.632.485.189.999.900,171343.81,20,0,23,0.09,0.14,
170,12.996.000.000.000.000,129.96,4,0.00515,0.0206,0.011,0.044,,3,4,48.204.000.000.000.000,11.563.000.000.000.000,0,6,2,3,389.88,0.84,327.5,43.700.000.000.000.000,3,109.17,7,2,1,1,1,34.239.999.999.999.900,55.68,53.199.371.009.999.900,13.364.092.999.999.900,18,0,23,0.28,0.42,
171,20.809.999.999.999.900,208.1,7,0.00515,0.03605,0.011,0.077,,3,4,48.216.999.999.999.900,11.532,0,6,2,3,62.429.999.999.999.900,0.84,52.440.999.999.999.900,69.980.000.000.000.000,5,104.88,13,1,1,2,2,44.067.000.000.000.000,89.150.000.000.000.000,85.185.239.120.000.000,16.078.185.999.999.900,22,0,23,0.29,0.44,
172,206.28,206.28,4,0.00515,0.0206,0.011,0.044,,3,4,48.201.999.999.999.900,11.563.000.000.000.000,0,6,2,3,61.883.000.000.000.000,0.84,51.982.000.000.000.000,69.359.999.999.999.900,5,10.395.999.999.999.900,8,2,1,1,1,54.347.000.000.000.000,88.370.000.000.000.000,84.438.896.409.999.900,13.364.092.999.999.900,19,0,23,0.46,0.69,
173,21.556.999.999.999.900,215.57,4,0.00515,0.0206,0.011,0.044,,3,4,48.216.999.999.999.900,11.532,0,6,2,3,64.670.000.000.000.000,0.84,54.322.000.000.000.000,72.489.999.999.999.900,6,90.540.000.000.000.000,8,1,1,1,1,61.501.999.999.999.900,92.349.999.999.999.900,88.241.273.909.999.900,12.474.632.000.000.000,20,0,23,0.23,0.35,
174,29.332.999.999.999.900,293.33,4,0.00515,0.0206,0.011,0.044,,3,4,48.216.999.999.999.900,11.531.000.000.000.000,0,6,2,3,87.999.000.000.000.000,0.84,73.919.000.000.000.000,98.640.000.000.000.000,7,10.559.999.999.999.900,7,1,1,1,1,836.88,125.66,12.007.374.840.000.000,12.474.632.000.000.000,20,0,23,0.61,0.92,
175,52.327.999.999.999.900,523.28,7,0.00515,0.03605,0.011,0.077,,3,4,48.197.000.000.000.000,11.545.999.999.999.900,0,6,3,1,52.327.999.999.999.900,0.84,43.955.000.000.000.000,0,14,31.399.999.999.999.900,14,1,1,1,1,0,0,78.082.066.689.999.900,nan,22,0,23,0.18,0.27,
176,900,900,5,0.00515,0.02575,0.011,0.055,,3,4,48.207.999.999.999.900,11.554,0,6,3,1,900,0.84,756,0,9,84,9,1,1,1,1,0,0,134295840,nan,18,0,23,0.33,0.5,
177,67.622.000.000.000.000,676.22,5,0.00515,0.02575,0.011,0.055,,3,4,48.207.000.000.000.000,11.553.000.000.000.000,0,6,3,1,67.622.000.000.000.000,0.84,56.802.999.999.999.900,0,9,63.109.999.999.999.900,9,2,1,1,1,0,0,10.090.423.559.999.900,nan,20,0,23,0.15,0.23,
178,57.854.999.999.999.900,578.55,7,0.00515,0.03605,0.011,0.077,,3,4,48.207.999.999.999.900,11.555.999.999.999.900,0,6,3,1,57.854.999.999.999.900,0.84,48.599.000.000.000.000,0,13,37.380.000.000.000.000,13,1,2,1,1,0,0,86.330.379.829.999.900,nan,20,0,23,0.35,0.53,
179,46.626.999.999.999.900,466.27,7,0.00515,0.03605,0.011,0.077,,3,4,48.204.000.000.000.000,11.563.000.000.000.000,0,6,3,1,46.626.999.999.999.900,0.84,39.167.000.000.000.000,0,13,30.129.999.999.999.900,13,1,1,2,1,0,0,69.575.836.319.999.900,nan,20,0,23,0.4,0.59,
180,900,900,15,0.00515,0.07725,0.011,0.165,,3,4,48.204.000.000.000.000,11.563.000.000.000.000,0,6,3,1,900,0.84,756,0,25,30.239.999.999.999.900,30,1,1,1,1,0,0,134295840,nan,20,0,23,0.66,0.98,
181,16.193.000.000.000.000,161.93,1,0.00515,0.00515,0.011,0.011,,3,4,48.225.000.000.000.000,11.525,0,7,0,2,32.386.000.000.000.000,0.84,27.204.000.000.000.000,53.649.999.999.999.900,2,13.602.000.000.000.000,2,1,1,1,1,48.623.000.000.000.000,69.370.000.000.000.000,98.711.977.650.000.000,17.766.751.000.000.000,18,0,23,0.17,0.25,
182,13.371.000.000.000.000,133.71,1,0.00515,0.00515,0.011,0.011,,3,4,48.200.000.000.000.000,11.506,0,7,0,2,26.741.000.000.000.000,0.84,224.63,44.299.999.999.999.900,1,224.63,1,2,1,1,1,40.331.999.999.999.900,57.280.000.000.000.000,81.506.740.299.999.900,176958.69,19,0,23,0.16,0.23,
183,31.608.999.999.999.900,316.09,2,0.00515,0.0103,0.011,0.022,,3,4,48.207.000.000.000.000,11.509,0,7,0,2,63.217.999.999.999.900,0.84,53.102.999.999.999.900,104.73,2,26.551.999.999.999.900,3,1,1,1,1,949.13,135.41,192687127.5,17.766.751.000.000.000,21,0,23,0.4,0.6,
184,62.420.000.000.000.000,62.42,2,0.00515,0.0103,0.011,0.022,,3,4,48.207.999.999.999.900,11.503,0,7,0,2,12.484.999.999.999.900,0.84,104.87,20.68,1,104.87,3,1,1,1,1,187.44,26.739.999.999.999.900,38.053.659.060.000.000,17.766.751.000.000.000,19,0,23,0.04,0.06,
185,137.91,137.91,1,0.00515,0.00515,0.011,0.011,,3,4,48.197.000.000.000.000,11.550.000.000.000.000,0,7,0,2,275.81,0.84,23.168.000.000.000.000,45.689.999.999.999.900,2,115.84,2,1,1,1,1,41.408.999.999.999.900,59.079.999.999.999.900,84.067.681.329.999.900,17.766.751.000.000.000,19,0,23,0.09,0.13,
186,12.084.999.999.999.900,120.85,1,0.00515,0.00515,0.011,0.011,,3,4,48.209.000.000.000.000,11.503,0,7,0,2,24.171.000.000.000.000,0.84,203.03,40.039.999.999.999.900,1,203.03,1,1,1,1,1,36.288.999.999.999.900,51.770.000.000.000.000,73.672.009.239.999.900,17.766.751.000.000.000,18,0,23,0.1,0.15,
187,91.579.999.999.999.900,91.58,1,0.00515,0.00515,0.011,0.011,,3,4,48.204.999.999.999.900,11.555,0,7,0,2,183.16,0.84,15.384.999.999.999.900,30.34,1,15.384.999.999.999.900,1,1,1,2,1,26.460.000.000.000.000,39.229.999.999.999.900,55.826.008.469.999.900,183740.22,22,0,23,0.07,0.1,
188,134.09,134.09,4,0.00515,0.0206,0.011,0.044,,3,4,48.201.999.999.999.900,11.516,0,7,0,2,268.19,0.84,225.28,44.43,2,112.64,7,1,1,1,1,40.264.999.999.999.900,57.450.000.000.000.000,81.743.755.609.999.900,17.766.751.000.000.000,20,0,23,0.17,0.25,
189,345.37,345.37,2,0.00515,0.0103,0.011,0.022,,3,4,48.198.999.999.999.900,11.507.999.999.999.900,0,7,1,2,690.75,0.84,58.023.000.000.000.000,97.219.999.999.999.900,2,29.011.000.000.000.000,3,1,1,1,1,638.38,14.796.000.000.000.000,118378910.5,15.054.401.000.000.000,19,0,23,0.43,0.64,
190,103.91,103.91,2,0.00515,0.0103,0.011,0.022,,3,4,48.201.999.999.999.900,Nov 56,0,7,1,2,20.781.999.999.999.900,0.84,17.456.999.999.999.900,29.25,2,87.290.000.000.000.000,4,2,1,2,1,19.308.000.000.000.000,44.520.000.000.000.000,35.616.617.659.999.900,149904.19,20,0,23,0.11,0.16,
191,428.12,428.12,2,0.00515,0.0103,0.011,0.022,,3,4,48.198.999.999.999.900,11.507,0,7,1,2,85.624.000.000.000.000,0.84,71.924.000.000.000.000,12.051.000.000.000.000,2,359.62,3,1,1,1,1,79.133.000.000.000.000,183.41,14.674.078.090.000.000,15.054.401.000.000.000,18,0,23,0.45,0.67,
192,64.200.000.000.000.000,64.2,1,0.00515,0.00515,0.011,0.011,,3,4,48.194.000.000.000.000,11.532.999.999.999.900,0,7,1,2,12.838.999.999.999.900,0.84,10.784.999.999.999.900,18. Jul,1,10.784.999.999.999.900,1,1,1,1,1,118.66,27. May,22.003.716.960.000.000,15.054.401.000.000.000,20,0,23,0.09,0.14,
193,56.439.999.999.999.900,56.44,3,0.00515,0.01545,0.011,0.033,,3,4,48.216.999.999.999.900,11.536,0,7,1,2,112.88,0.84,94.819.999.999.999.900,15.890.000.000.000.000,1,94.819.999.999.999.900,5,1,1,1,1,10.431.999.999.999.900,24.18,19.344.554.539.999.900,15.054.401.000.000.000,18,0,23,0.07,0.1,
194,22.558.000.000.000.000,225.58,2,0.00515,0.0103,0.011,0.022,,3,4,48.210.000.000.000.000,11.539,0,7,1,2,45.116.000.000.000.000,0.84,37.897.000.000.000.000,63.5,2,18.949.000.000.000.000,4,1,1,1,2,32.170.999.999.999.900,96.640.000.000.000.000,77.318.806.670.000.000,18.482.029.999.999.900,22,0,23,0.2,0.29,
195,73.849.999.999.999.900,73.85,1,0.00515,0.00515,0.011,0.011,,3,4,48.200.000.000.000.000,11.507,0,7,1,2,14.769.999.999.999.900,0.84,12.406.999.999.999.900,20.789.999.999.999.900,2,62.030.000.000.000.000,2,1,1,2,1,136.5,31.640.000.000.000.000,25.312.070.379.999.900,15.054.401.000.000.000,21,0,23,0.04,0.07,
196,63.189.999.999.999.900,63.19,1,0.00515,0.00515,0.011,0.011,,3,4,48.201.999.999.999.900,11.561,0,7,1,2,126.38,0.84,106.16,17.789.999.999.999.900,1,106.16,1,1,2,1,1,97.540.000.000.000.000,27. Jul,21.658.834.890.000.000,17.381.779.000.000.000,22,0,23,0.11,0.17,
197,121.84,121.84,2,0.00515,0.0103,0.011,0.022,,3,4,48.215.000.000.000.000,11.553.000.000.000.000,0,7,2,3,36.550.999.999.999.900,0.84,30.702.999.999.999.900,66.069.999.999.999.900,3,102.34,3,1,1,1,1,45.191.000.000.000.000,52.189.999.999.999.900,69.731.313.859.999.900,138328.22,22,0,23,0.19,0.29,
198,81.790.000.000.000.000,81.79,1,0.00515,0.00515,0.011,0.011,,3,4,48.195,11.551,0,7,2,3,24.536.000.000.000.000,0.84,20.611.000.000.000.000,44.350.000.000.000.000,1,20.611.000.000.000.000,1,1,1,1,1,30.336.000.000.000.000,35.039.999.999.999.900,46.810.474.520.000.000,138328.22,20,0,23,0.05,0.07,
199,233.5,233.5,4,0.00515,0.0206,0.011,0.044,,3,4,48.218.000.000.000.000,11.525,0,7,2,3,700.5,0.84,58.841.999.999.999.900,126.62,6,98.069.999.999.999.900,8,1,1,1,1,86.608.000.000.000.000,100.03,133640157.3,138328.22,18,0,23,0.44,0.66,
200,95.159.999.999.999.900,95.16,2,0.00515,0.0103,0.011,0.022,,3,4,48.194.000.000.000.000,11.548.999.999.999.900,0,7,2,3,28.548.000.000.000.000,0.84,23.980.000.000.000.000,51.600.000.000.000.000,2,11.990.000.000.000.000,4,1,1,1,1,35.295.999.999.999.900,40.770.000.000.000.000,54.462.781.210.000.000,138328.22,22,0,23,0.15,0.22,
201,236.13,236.13,8,0.00515,0.0412,0.011,0.088,,3,4,48.195.999.999.999.900,11.553.000.000.000.000,0,7,2,3,708.38,0.84,59.503.999.999.999.900,12.803.999.999.999.900,6,99.170.000.000.000.000,15,1,2,1,2,41.168.000.000.000.000,101.16,135143725,26.352.477.000.000.000,18,0,23,0.35,0.52,
202,318.13,318.13,7,0.00515,0.03605,0.011,0.077,,3,4,48.194.000.000.000.000,11.548,0,7,2,3,95.439.999.999.999.900,0.84,80.169.000.000.000.000,17.250.999.999.999.900,9,89.079.999.999.999.900,14,1,1,1,1,1180,13.628.999.999.999.900,18.207.938.569.999.900,138328.22,20,0,23,0.29,0.44,
203,84.010.000.000.000.000,84.01,3,0.00515,0.01545,0.011,0.033,,3,4,48.215.000.000.000.000,11.537.000.000.000.000,0,7,2,3,25.203.999.999.999.900,0.84,21.171.000.000.000.000,45.560.000.000.000.000,2,105.86,5,1,1,2,1,30.208.999.999.999.900,35.990.000.000.000.000,48.083.966.109.999.900,14.222.629.999.999.900,22,0,23,0.12,0.18,
204,201.47,201.47,7,0.00515,0.03605,0.011,0.077,,3,4,48.194.000.000.000.000,11.550.000.000.000.000,0,7,2,3,60.440.999.999.999.900,0.84,50.770.999.999.999.900,109.25,5,10.154.000.000.000.000,13,1,1,1,1,74.727.999.999.999.900,86.310.000.000.000.000,11.530.966.109.999.900,138328.22,18,0,23,0.34,0.51,
205,77.394.000.000.000.000,773.94,20,0.00515,0.103,0.011,0.22,,3,4,48.223.999.999.999.900,11.558.999.999.999.900,0,7,3,1,77.394.000.000.000.000,0.84,65.011.000.000.000.000,0,22,29.550.000.000.000.000,40,1,1,1,1,0,0,86.412.811.379.999.900,nan,20,0,23,0.04,0.07,
206,900,900,17,0.00515,0.08755,0.011,0.187,,3,4,48.222.000.000.000.000,11.555.999.999.999.900,0,7,3,1,900,0.84,756,0,25,30.239.999.999.999.900,34,1,2,1,2,0,0,100487520,nan,20,0,23,0.39,0.58,
207,89.394.000.000.000.000,893.94,24,0.00515,0.1236,0.011,0.264,,3,4,48.222.999.999.999.900,11.555.999.999.999.900,0,7,3,1,89.394.000.000.000.000,0.84,75.090.999.999.999.900,0,25,30.039.999.999.999.900,47,2,1,1,2,0,0,99.810.914.849.999.900,nan,21,0,23,0.46,0.69,
208,63.066.999.999.999.900,630.67,35,0.00515,0.18025,0.011,0.385,,3,4,48.222.999.999.999.900,11.555,0,7,3,1,63.066.999.999.999.900,0.84,52.975.999.999.999.900,0,18,29.43,70,1,2,1,2,0,0,70.416.341.819.999.900,nan,19,0,23,0.19,0.29,
209,43.410.000.000.000.000,434.1,16,0.00515,0.0824,0.011,0.176,,3,4,48.222.000.000.000.000,11.557,0,7,3,1,43.410.000.000.000.000,0.84,36.464.999.999.999.900,0,12,30.390.000.000.000.000,32,1,1,1,1,0,0,48.468.654.060.000.000,nan,19,0,23,0.04,0.06,
210,45.656.999.999.999.900,456.57,6,0.00515,0.0309,0.011,0.066,,3,4,48.192.999.999.999.900,11.548,0,7,3,1,45.656.999.999.999.900,0.84,38.351.999.999.999.900,0,12,31.960.000.000.000.000,12,1,1,1,2,0,0,50.977.341.329.999.900,nan,20,0,23,0.24,0.35,
211,43.186.000.000.000.000,431.86,6,0.00515,0.0309,0.011,0.066,,3,4,48.195.999.999.999.900,Nov 52,0,7,3,1,43.186.000.000.000.000,0.84,36.275.999.999.999.900,0,11,32.979.999.999.999.900,11,1,1,1,1,0,0,48.218.403.909.999.900,nan,18,0,23,0.29,0.43,
212,39.726.999.999.999.900,397.27,7,0.00515,0.03605,0.011,0.077,,3,4,48.194.000.000.000.000,11.550.000.000.000.000,0,7,3,1,39.726.999.999.999.900,0.84,33.369.999.999.999.900,0,11,30.34,14,1,1,1,1,0,0,44.356.067.299.999.900,nan,21,0,23,0.15,0.23,
213,103.56,103.56,1,0.00515,0.00515,0.011,0.011,,3,4,48.225.000.000.000.000,11.515.000.000.000.000,0,8,0,2,207.12,0.84,17.397.999.999.999.900,33.539.999.999.999.900,1,17.397.999.999.999.900,1,1,1,1,1,162.03,44.369.999.999.999.900,44.878.571.649.999.900,217442.13,21,0,23,0.11,0.17,
214,10.656.999.999.999.900,106.57,2,0.00515,0.0103,0.011,0.022,,3,4,48.197.000.000.000.000,11.516.999.999.999.900,0,8,0,2,21.313.999.999.999.900,0.84,17.903.999.999.999.900,34.509.999.999.999.900,2,89.519.999.999.999.900,4,1,1,1,1,16.674.000.000.000.000,45.659.999.999.999.900,46.183.116.850.000.000,217442.13,22,0,23,0.09,0.14,
215,15.563.999.999.999.900,155.64,4,0.00515,0.0206,0.011,0.044,,3,4,48.201.999.999.999.900,11.507.999.999.999.900,0,8,0,2,31.127.999.999.999.900,0.84,26.147.000.000.000.000,50.399.999.999.999.900,2,13.074.000.000.000.000,7,1,1,1,1,24.350.999.999.999.900,66.680.000.000.000.000,67.446.696.739.999.900,217442.13,21,0,23,0.11,0.17,
216,11.101.000.000.000.000,111.01,1,0.00515,0.00515,0.011,0.011,,3,4,48.225.999.999.999.900,11.512,0,8,0,2,222.03,0.84,186.5,35.950.000.000.000.000,2,93.25,2,1,1,2,1,16.483.000.000.000.000,47.560.000.000.000.000,48108503.68,226511.87,19,0,23,0.05,0.07,
217,11.626.000.000.000.000,116.26,1,0.00515,0.00515,0.011,0.011,,3,4,48.225.999.999.999.900,11.512,0,8,0,2,23.252.000.000.000.000,0.84,19.531.999.999.999.900,37.649.999.999.999.900,1,19.531.999.999.999.900,1,1,1,1,1,18.190.000.000.000.000,49.810.000.000.000.000,50.381.831.009.999.900,217442.13,18,0,23,0.04,0.06,
218,34.851.999.999.999.900,348.52,4,0.00515,0.0206,0.011,0.044,,3,4,48.201.999.999.999.900,11.507,0,8,0,2,69.703.999.999.999.900,0.84,58.551.999.999.999.900,112.87,2,29.275.999.999.999.900,7,1,1,1,1,54.527.999.999.999.900,149.31,15.103.325.930.000.000,217442.13,20,0,23,0.54,0.81,
219,22.458.000.000.000.000,224.58,1,0.00515,0.00515,0.011,0.011,,3,4,48.195.999.999.999.900,11.548.999.999.999.900,0,8,0,2,44.917.000.000.000.000,0.84,37.730.000.000.000.000,72.730.000.000.000.000,1,37.730.000.000.000.000,1,1,1,1,1,351.37,96.209.999.999.999.900,97.324.077.709.999.900,217442.13,21,0,23,0.21,0.32,
220,95.829.999.999.999.900,95.83,1,0.00515,0.00515,0.011,0.011,,3,4,48.225.000.000.000.000,11.516.999.999.999.900,0,8,0,2,191.66,0.84,161,31.030.000.000.000.000,1,161,1,1,1,1,1,149.94,41.049.999.999.999.900,41.529.296.079.999.900,217442.13,20,0,23,0.09,0.14,
221,60.101.999.999.999.900,601.02,4,0.00515,0.0206,0.011,0.044,,3,4,48.195.999.999.999.900,11.515.000.000.000.000,0,8,1,3,18.030.699.999.999.900,0.84,15.145.799.999.999.900,21.790.000.000.000.000,2,75.728.999.999.999.900,7,1,1,1,1,98.955.999.999.999.900,25.748.000.000.000.000,22.599.069.140.000.000,18.122.223.000.000.000,20,0,23,0.41,0.61,
222,60.770.000.000.000.000,60.77,1,0.00515,0.00515,0.011,0.011,,3,4,48.213.000.000.000.000,Nov 49,0,8,1,3,182.31,0.84,15.313.999.999.999.900,22.030.000.000.000.000,1,15.313.999.999.999.900,2,1,1,1,1,100.06,26.030.000.000.000.000,22.850.744.100.000.000,18.122.223.000.000.000,21,0,23,0.08,0.13,
223,179.12,179.12,4,0.00515,0.0206,0.011,0.044,,3,4,48.201.000.000.000.000,11.547.000.000.000.000,0,8,1,3,53.736.000.000.000.000,0.84,45.138.999.999.999.900,64.939.999.999.999.900,2,225.69,7,1,1,1,1,29.492.000.000.000.000,76.739.999.999.999.900,67.351.401.980.000.000,18.122.223.000.000.000,21,0,23,0.32,0.48,
224,50.009.999.999.999.900,50.01,3,0.00515,0.01545,0.011,0.033,,3,4,48.212.000.000.000.000,11.538,0,8,1,3,15.002.000.000.000.000,0.84,126.02,18.129.999.999.999.900,1,126.02,5,1,1,2,1,82.329.999.999.999.900,21.420.000.000.000.000,18.803.045.809.999.900,18.122.223.000.000.000,21,0,23,0.08,0.12,
225,25.180.000.000.000.000,251.8,1,0.00515,0.00515,0.011,0.011,,3,4,48.216.000.000.000.000,11.491,0,8,1,3,75.540.999.999.999.900,0.84,63.454.999.999.999.900,91.290.000.000.000.000,2,31.726.999.999.999.900,1,1,1,1,1,41.457.999.999.999.900,107.87,94.680.989.549.999.900,18.122.223.000.000.000,19,0,23,0.18,0.27,
226,34.575.999.999.999.900,345.76,3,0.00515,0.01545,0.011,0.033,,3,4,48.203.000.000.000.000,11.506,0,8,1,3,1037.29,0.84,87.132.000.000.000.000,12.534.999.999.999.900,2,43.566.000.000.000.000,6,1,1,2,1,56.927.999.999.999.900,148.12,130010233.7,18.122.223.000.000.000,22,0,23,0.53,0.8,
227,25.184.999.999.999.900,251.85,2,0.00515,0.0103,0.011,0.022,,3,4,48.216.000.000.000.000,11.491,0,8,1,3,75.554.999.999.999.900,0.84,63.465.999.999.999.900,91.310.000.000.000.000,2,31.732.999.999.999.900,4,1,1,1,1,41.466.000.000.000.000,107.89,94.697.779.409.999.900,18.122.223.000.000.000,22,0,23,0.18,0.28,
228,54.583.000.000.000.000,545.83,2,0.00515,0.0103,0.011,0.022,,3,4,48.195.999.999.999.900,11.516,0,8,1,3,1637.49,0.84,1375.49,19.788.999.999.999.900,2,687.75,3,2,1,1,1,93.971.000.000.000.000,23.383.000.000.000.000,20.523.790.240.000.000,17.488.685.000.000.000,21,0,23,0.82,Jan 23,
229,20.180.000.000.000.000,201.8,8,0.00515,0.0412,0.011,0.088,,3,4,48.195,11.529.999.999.999.900,0,8,2,3,60.540.999.999.999.900,0.84,50.854.000.000.000.000,97.280.000.000.000.000,5,10.170.999.999.999.900,16,1,1,1,1,44.042.000.000.000.000,86.450.000.000.000.000,10.114.665.059.999.900,19.197.679.999.999.900,20,0,23,0.57,0.86,
230,231.06,231.06,9,0.00515,0.04635,0.011,0.099,,3,4,48.213.999.999.999.900,11.538,0,8,2,3,69.317.999.999.999.900,0.84,58.226.999.999.999.900,111.38,6,97.040.000.000.000.000,17,1,1,1,1,50.426.999.999.999.900,98.989.999.999.999.900,11.581.017.940.000.000,19.197.679.999.999.900,21,0,23,0.19,0.29,
231,13.490.000.000.000.000,134.9,2,0.00515,0.0103,0.011,0.022,,3,4,48.212.000.000.000.000,11.539.999.999.999.900,0,8,2,3,40.469.999.999.999.900,0.84,33.994.999.999.999.900,65.030.000.000.000.000,3,11.331.999.999.999.900,4,1,1,1,1,29.441.000.000.000.000,57.789.999.999.999.900,67.613.619.659.999.900,19.197.679.999.999.900,19,0,23,0.15,0.22,
232,185,185,6,0.00515,0.0309,0.011,0.066,,3,4,48.213.999.999.999.900,11.539,0,8,2,3,555,0.84,46.619.999.999.999.900,89.180.000.000.000.000,5,93.239.999.999.999.900,12,1,1,1,1,40.374.000.000.000.000,79.25,92.724.353.150.000.000,19.197.679.999.999.900,22,0,23,0.36,0.54,
233,17.350.999.999.999.900,173.51,8,0.00515,0.0412,0.011,0.088,,3,4,48.213.999.999.999.900,11.536,0,8,2,3,52.052.999.999.999.900,0.84,437.25,83.640.000.000.000.000,4,109.31,15,1,1,2,2,31.463.999.999.999.900,74.329.999.999.999.900,86966532.75,22.357.779.000.000.000,22,0,23,0.22,0.33,
234,17.990.000.000.000.000,179.9,5,0.00515,0.02575,0.011,0.055,,3,4,48.212.000.000.000.000,11.539,0,8,2,3,53.969.000.000.000.000,0.84,45.333.999.999.999.900,86.719.999.999.999.900,5,90.670.000.000.000.000,9,1,1,1,1,39.261.000.000.000.000,77.069.999.999.999.900,90.166.464.400.000.000,19.197.679.999.999.900,20,0,23,0.08,0.13,
235,186.22,186.22,6,0.00515,0.0309,0.011,0.066,,3,4,48.219.000.000.000.000,11.529.999.999.999.900,0,8,2,3,55.866.999.999.999.900,0.84,46.927.999.999.999.900,89.760.000.000.000.000,5,93.859.999.999.999.900,12,1,1,1,1,40.641.000.000.000.000,79.780.000.000.000.000,93.337.463.739.999.900,19.197.679.999.999.900,20,0,23,0.38,0.57,
236,30.299.000.000.000.000,302.99,9,0.00515,0.04635,0.011,0.099,,3,4,48.213.999.999.999.900,11.537.000.000.000.000,0,8,2,3,90.897.000.000.000.000,0.84,76.353.999.999.999.900,14.605.000.000.000.000,8,95.439.999.999.999.900,18,2,1,1,1,61.707.000.000.000.000,12.980.000.000.000.000,15.186.398.359.999.900,20.333.345.999.999.900,20,0,23,0.54,0.81,
237,40.982.999.999.999.900,409.83,7,0.00515,0.03605,0.011,0.077,,3,4,48.213.999.999.999.900,11.539.999.999.999.900,0,8,3,1,40.982.999.999.999.900,0.84,34.425.999.999.999.900,0,11,31.300.000.000.000.000,13,1,1,1,1,0,0,45.758.867.130.000.000,nan,21,0,23,0.17,0.25,
238,44.504.000.000.000.000,445.04,8,0.00515,0.0412,0.011,0.088,,3,4,48.213.999.999.999.900,11.537.000.000.000.000,0,8,3,1,44.504.000.000.000.000,0.84,37.383.999.999.999.900,0,12,31.149.999.999.999.900,15,1,1,1,1,0,0,49690312.32,nan,20,0,23,0.26,0.39,
239,675.88,675.88,13,0.00515,0.06695,0.011,0.143,,3,4,48.213.999.999.999.900,11.536,0,8,3,1,675.88,0.84,56.774.000.000.000.000,0,19,29.879.999.999.999.900,26,1,1,1,1,0,0,75.464.128.120.000.000,nan,19,0,23,0.34,0.51,
240,86.467.999.999.999.900,864.68,9,0.00515,0.04635,0.011,0.099,,3,4,48.201.000.000.000.000,11.561,0,8,3,1,86.467.999.999.999.900,0.84,72.633.000.000.000.000,0,17,42.729.999.999.999.900,17,1,1,2,1,0,0,96.543.957.810.000.000,nan,18,0,23,0.35,0.52,
241,43.458.999.999.999.900,434.59,8,0.00515,0.0412,0.011,0.088,,3,4,48.213.000.000.000.000,11.538,0,8,3,1,43.458.999.999.999.900,0.84,36.505.000.000.000.000,0,12,30.420.000.000.000.000,15,1,2,2,1,0,0,48.522.841.140.000.000,nan,19,0,23,0.37,0.56,
242,445.94,445.94,9,0.00515,0.04635,0.011,0.099,,3,4,48.213.999.999.999.900,11.538,0,8,3,1,445.94,0.84,37.458.999.999.999.900,0,12,31.219.999.999.999.900,17,1,1,1,2,0,0,49790089.32,nan,18,0,23,0.33,0.5,
243,51.299.000.000.000.000,512.99,10,0.00515,0.0515,0.011,0.11,,3,4,48.195,11.544,0,8,3,1,51.299.000.000.000.000,0.84,43.091.000.000.000.000,0,14,30.780.000.000.000.000,20,1,1,1,1,0,0,57.276.551.200.000.000,nan,21,0,23,0.19,0.28,
244,45.748.000.000.000.000,457.48,7,0.00515,0.03605,0.011,0.077,,3,4,48.213.000.000.000.000,11.539,0,8,3,1,45.748.000.000.000.000,0.84,38.427.999.999.999.900,0,13,29.559.999.999.999.900,14,2,1,1,1,0,0,51.078.415.710.000.000,nan,22,0,23,0.35,0.52,
245,188,188,1,0.00515,0.00515,0.011,0.011,,3,4,48.223.999.999.999.900,11.523,0,9,0,2,37.600.999.999.999.900,0.84,31.585.000.000.000.000,56.009.999.999.999.900,2,15.791.999.999.999.900,2,1,1,1,1,25.516.999.999.999.900,67.120.000.000.000.000,93.587.175.209.999.900,29.038.771.000.000.000,20,0,23,0.16,0.24,
246,137.78,137.78,4,0.00515,0.0206,0.011,0.044,,3,4,48.198,11.518.000.000.000.000,0,9,0,2,27.555.000.000.000.000,0.84,23.146.000.000.000.000,41.039.999.999.999.900,2,115.73,7,2,1,2,1,200.56,49.189.999.999.999.900,68.584.098.790.000.000,27.461.264.000.000.000,22,0,23,0.17,0.26,
247,14.475.999.999.999.900,144.76,2,0.00515,0.0103,0.011,0.022,,3,4,48.216.999.999.999.900,11.547.000.000.000.000,0,9,0,2,28.952.999.999.999.900,0.84,24.319.999.999.999.900,43.119.999.999.999.900,2,12.159.999.999.999.900,4,2,1,1,1,21.741.999.999.999.900,51.68,72.061.746.879.999.900,26.778.759.999.999.900,22,0,23,0.07,0.1,
248,16.661.000.000.000.000,166.61,1,0.00515,0.00515,0.011,0.011,,3,4,48.204.000.000.000.000,11.507,0,9,0,2,33.320.999.999.999.900,0.84,27.989.999.999.999.900,49.630.000.000.000.000,2,13.994.999.999.999.900,2,1,1,1,1,226.12,59.479.999.999.999.900,82.934.809.510.000.000,29.038.771.000.000.000,19,0,23,0.19,0.28,
249,88.549.999.999.999.900,88.55,1,0.00515,0.00515,0.011,0.011,,3,4,48.219.000.000.000.000,11.526.999.999.999.900,0,9,0,2,17.711.000.000.000.000,0.84,14.877.000.000.000.000,26.379.999.999.999.900,1,14.877.000.000.000.000,1,1,1,1,1,120.19,31.609.999.999.999.900,44.081.473.329.999.900,29.038.771.000.000.000,21,0,23,0.07,0.11,
250,139.16,139.16,3,0.00515,0.01545,0.011,0.033,,3,4,48.223.999.999.999.900,11.515.000.000.000.000,0,9,0,2,278.31,0.84,233.78,41.450.000.000.000.000,2,116.89,6,1,1,2,1,182.44,49.68,69.270.635.439.999.900,29.843.066.999.999.900,18,0,23,0.14,0.21,
,,137.63,,,,,,,,,,,,,,,,,,,,,,,,,,,,,,,,,,,
,,60.24,,,,,,,,,,,,,,,,,,,,,,,,,,,,,,,,,,,
,,70.06,,,,,,,,,,,,,,,,,,,,,,,,,,,,,,,,,,,
,,205.34,,,,,,,,,,,,,,,,,,,,,,,,,,,,,,,,,,,
,,68.29,,,,,,,,,,,,,,,,,,,,,,,,,,,,,,,,,,,
,,55.07,,,,,,,,,,,,,,,,,,,,,,,,,,,,,,,,,,,
,,64.2,,,,,,,,,,,,,,,,,,,,,,,,,,,,,,,,,,,
,,90.47,,,,,,,,,,,,,,,,,,,,,,,,,,,,,,,,,,,
,,67.3,,,,,,,,,,,,,,,,,,,,,,,,,,,,,,,,,,,
,,84.86,,,,,,,,,,,,,,,,,,,,,,,,,,,,,,,,,,,
,,133.14,,,,,,,,,,,,,,,,,,,,,,,,,,,,,,,,,,,
,,316.35,,,,,,,,,,,,,,,,,,,,,,,,,,,,,,,,,,,
,,87.81,,,,,,,,,,,,,,,,,,,,,,,,,,,,,,,,,,,
,,86.5,,,,,,,,,,,,,,,,,,,,,,,,,,,,,,,,,,,
,,140.31,,,,,,,,,,,,,,,,,,,,,,,,,,,,,,,,,,,
,,206.04,,,,,,,,,,,,,,,,,,,,,,,,,,,,,,,,,,,
,,180.17,,,,,,,,,,,,,,,,,,,,,,,,,,,,,,,,,,,
,,108.37,,,,,,,,,,,,,,,,,,,,,,,,,,,,,,,,,,,
,,829.11,,,,,,,,,,,,,,,,,,,,,,,,,,,,,,,,,,,
,,900,,,,,,,,,,,,,,,,,,,,,,,,,,,,,,,,,,,
,,572.69,,,,,,,,,,,,,,,,,,,,,,,,,,,,,,,,,,,
,,900,,,,,,,,,,,,,,,,,,,,,,,,,,,,,,,,,,,
,,409.46,,,,,,,,,,,,,,,,,,,,,,,,,,,,,,,,,,,
,,559.04,,,,,,,,,,,,,,,,,,,,,,,,,,,,,,,,,,,
,,615.97,,,,,,,,,,,,,,,,,,,,,,,,,,,,,,,,,,,
,,900,,,,,,,,,,,,,,,,,,,,,,,,,,,,,,,,,,,
,,127.48,,,,,,,,,,,,,,,,,,,,,,,,,,,,,,,,,,,
,,86.13,,,,,,,,,,,,,,,,,,,,,,,,,,,,,,,,,,,
,,223.91,,,,,,,,,,,,,,,,,,,,,,,,,,,,,,,,,,,
,,93.27,,,,,,,,,,,,,,,,,,,,,,,,,,,,,,,,,,,
,,900,,,,,,,,,,,,,,,,,,,,,,,,,,,,,,,,,,,
,,148.22,,,,,,,,,,,,,,,,,,,,,,,,,,,,,,,,,,,
,,96.31,,,,,,,,,,,,,,,,,,,,,,,,,,,,,,,,,,,
,,188.73,,,,,,,,,,,,,,,,,,,,,,,,,,,,,,,,,,,
,,413.83,,,,,,,,,,,,,,,,,,,,,,,,,,,,,,,,,,,
,,63.29,,,,,,,,,,,,,,,,,,,,,,,,,,,,,,,,,,,
,,71.16,,,,,,,,,,,,,,,,,,,,,,,,,,,,,,,,,,,
,,406.55,,,,,,,,,,,,,,,,,,,,,,,,,,,,,,,,,,,
,,54.92,,,,,,,,,,,,,,,,,,,,,,,,,,,,,,,,,,,
,,53.8,,,,,,,,,,,,,,,,,,,,,,,,,,,,,,,,,,,
,,171.46,,,,,,,,,,,,,,,,,,,,,,,,,,,,,,,,,,,
,,343.17,,,,,,,,,,,,,,,,,,,,,,,,,,,,,,,,,,,
,,303.91,,,,,,,,,,,,,,,,,,,,,,,,,,,,,,,,,,,
,,296.53,,,,,,,,,,,,,,,,,,,,,,,,,,,,,,,,,,,
,,164.55,,,,,,,,,,,,,,,,,,,,,,,,,,,,,,,,,,,
,,228.53,,,,,,,,,,,,,,,,,,,,,,,,,,,,,,,,,,,
,,167.08,,,,,,,,,,,,,,,,,,,,,,,,,,,,,,,,,,,
,,506.38,,,,,,,,,,,,,,,,,,,,,,,,,,,,,,,,,,,
,,453.62,,,,,,,,,,,,,,,,,,,,,,,,,,,,,,,,,,,
,,519.94,,,,,,,,,,,,,,,,,,,,,,,,,,,,,,,,,,,